entity_type,entity_id,name,lat,lon,dem_source,dem_resolution_m,elev_dem_m,cap_potential,cap_class,cold_air_accumulation_score,valley_bottom_score,drainage_block_score,terrain_enclosure_score,glacier_source_score,low_slope_score,local_tpi_m,relief_q90_m,outer_spill_drop_m,lower_outer_fraction,higher_area_ha,glacier_weighted_area_ha,cap_confidence,qa_flag,qa_note,cap_algorithm_version
icefall,1,Mannerschnitte,47.18785309,10.91448647,DGM_Tirol_5m_epsg31254_2006_2020,5,946.551025390625,0.42509182997801254,medium,0.9991911386484909,0.3059293674236772,0,0.554374496459961,0.10437019327317572,0,-154.07046951290204,827.7880289713542,162.655029296875,0.28934786369140286,348.34,0.6496078386885995,1,ok,NA,cap_dem_v1
icefall,2,Baselayer,47.18157945,10.92174323,DGM_Tirol_5m_epsg31254_2006_2020,5,1357.6910400390625,0.34331703343698805,low,0.947769853220724,0.0333413416307794,0,0.5312018585205079,0.12239303964024024,0,-62.47309894542718,681.9162760416666,519.92205810546875,0.5016054252300879,298.46,0.7985330894670379,1,ok,NA,cap_dem_v1
icefall,3,Zapfenstreich,47.1814644,10.90196581,DGM_Tirol_5m_epsg31254_2006_2020,5,980.32098388671875,0.3623608859271938,low,0.9747709061114724,0.12404899150833834,0,0.5012335510253907,0.08313919245621638,0.17567767313189553,-100.08865072189292,716.8157145182292,185.29296875,0.3920164404035372,301.755,0.48991363196039095,1,ok,NA,cap_dem_v1
icefall,4,Zwei Welten,47.1814644,10.90196581,DGM_Tirol_5m_epsg31254_2006_2020,5,980.32098388671875,0.3623608859271938,low,0.9747709061114724,0.12404899150833834,0,0.5012335510253907,0.08313919245621638,0.17567767313189553,-100.08865072189292,716.8157145182292,185.29296875,0.3920164404035372,301.755,0.48991363196039095,1,ok,NA,cap_dem_v1
icefall,6,Kalte Dusche,47.17457496,10.91958106,DGM_Tirol_5m_epsg31254_2006_2020,5,1197.489990234375,0.3699247213648345,low,0.9813069867059176,0.11237454410556648,0,0.5269453303019206,0.11641692744450303,0,20.929773149017365,707.5702392578123,347.79998779296875,0.44394857743828187,313.5775,0.7477184596467217,1,ok,NA,cap_dem_v1
icefall,7,Sibirien,47.17457496,10.91958106,DGM_Tirol_5m_epsg31254_2006_2020,5,1197.489990234375,0.3699247213648345,low,0.9813069867059176,0.11237454410556648,0,0.5269453303019206,0.11641692744450303,0,20.929773149017365,707.5702392578123,347.79998779296875,0.44394857743828187,313.5775,0.7477184596467217,1,ok,NA,cap_dem_v1
icefall,8,Vorsaison,47.17457496,10.91958106,DGM_Tirol_5m_epsg31254_2006_2020,5,1197.489990234375,0.3699247213648345,low,0.9813069867059176,0.11237454410556648,0,0.5269453303019206,0.11641692744450303,0,20.929773149017365,707.5702392578123,347.79998779296875,0.44394857743828187,313.5775,0.7477184596467217,1,ok,NA,cap_dem_v1
icefall,9,Golden Shower,47.15611614,10.9050394,DGM_Tirol_5m_epsg31254_2006_2020,5,1097.0799560546875,0.3785194239369987,low,0.9859327264701628,0.16013651429249776,0,0.5335904248555501,0.07975700012000697,0,-82.49935278962653,736.3306722005209,173.61297607421875,0.43856432115252875,322.2225,0.46594174767740487,1,ok,NA,cap_dem_v1
icefall,10,Reichalm Fall,47.16324699,10.94194281,DGM_Tirol_5m_epsg31254_2006_2020,5,1613.6590576171875,0.5414797813603058,medium,0.9369728306361608,0.6922104729962928,0,0.7431856981913249,0.1513740048232913,0,-148.39493200965967,655.8809814453125,516.1710205078125,0.17903485885520115,474.885,1.066710103905097,1,ok,NA,cap_dem_v1
icefall,11,Dripping Elegance,47.12597744,10.90943499,DGM_Tirol_5m_epsg31254_2006_2020,5,1762.8399658203125,0.14077074463990938,low,0.2727925847077021,0,0,0.21899006525675463,0.2648272578298045,0,45.907866356956674,221.197998046875,791.3389892578125,0.7479102659913089,156.5075,2.5610521869116325,1,ok,NA,cap_dem_v1
icefall,12,Nachtfalter,47.10893708,10.95374477,DGM_Tirol_5m_epsg31254_2006_2020,5,1252.68896484375,0.4850509919750582,medium,0.8430557686941964,0.3869499654124615,0,0.5399374008178711,0.6437263221714199,0,-119.38792323394432,590.1390380859375,177.9169921875,0.3411248581471948,365.0725,20.91511562276426,1,ok,NA,cap_dem_v1
icefall,13,Spongebob,47.10119125,10.96701683,DGM_Tirol_5m_epsg31254_2006_2020,5,1747.822021484375,0.36697171914771826,low,0.7381367619418338,0.02647415542437447,0,0.4625730082194011,0.7095535904883736,0,0.04415909935096351,531.465901692708,609.8560791015625,0.4981974438993336,297.2425,29.050232584208363,1,ok,NA,cap_dem_v1
icefall,14,Drytooling Klettergarten,47.09844413,10.95780488,DGM_Tirol_5m_epsg31254_2006_2020,5,1166.8260498046875,0.6060872568274457,medium,0.98484046700191,0.17026272013358085,0.6805002207186039,0.5289653752644857,0.6791107307345288,0,-96.98948259728944,716.7799072265625,43.6820068359375,0.01217267342080496,320.16,24.968202839377575,1,ok,NA,cap_dem_v1
icefall,15,Triple Direkt,47.0869413,10.94041113,DGM_Tirol_5m_epsg31254_2006_2020,5,1278.708984375,0.3737242147389523,low,0.8731699289974513,0,0,0.4622586364746094,0.5739529134559869,0,-46.46639264646001,632.6629964192705,131.9930419921875,0.49130479914189823,286.7625,14.682696267420264,1,ok,NA,cap_dem_v1
icefall,16,Guillotine,47.08371193,10.944314,DGM_Tirol_5m_epsg31254_2006_2020,5,1177.373046875,0.4300110864912241,medium,0.9081328240049988,0.15028122605537556,0,0.5071632932027182,0.595553866638152,0.5810999432176742,-89.94352001779293,653.8551595052081,29.717041015625,0.1791681946183811,297.2675,16.394457187282303,1,ok,NA,cap_dem_v1
icefall,17,Mixed Klettergarten Liftspur,47.08286448,10.96371174,DGM_Tirol_5m_epsg31254_2006_2020,5,1190.5830078125,0.3778071539426639,low,0.8779680313523652,0,0,0.3785990524291992,0.6768352549346179,0,-69.43077435040755,652.3221191406251,38.85498046875,0.42650539048119906,249.0525,24.686360124126583,1,ok,NA,cap_dem_v1
icefall,18,Esso Mixed,47.07002952,10.97153602,DGM_Tirol_5m_epsg31254_2006_2020,5,1203.1390380859375,0.46324766848677057,medium,0.7562220517113097,0.3200424719187879,0,0.5991002006530762,0.6954433832085651,0,-49.96597919106284,529.3554361979168,42.7239990234375,0.27599878222603547,363.3325,27.08402199074799,1,ok,NA,cap_dem_v1
icefall,19,Badle,47.07002952,10.97153602,DGM_Tirol_5m_epsg31254_2006_2020,5,1203.1390380859375,0.46324766848677057,medium,0.7562220517113097,0.3200424719187879,0,0.5991002006530762,0.6954433832085651,0,-49.96597919106284,529.3554361979168,42.7239990234375,0.27599878222603547,363.3325,27.08402199074799,1,ok,NA,cap_dem_v1
icefall,20,Burgsteiner Mixed,47.06117835,10.96930442,DGM_Tirol_5m_epsg31254_2006_2020,5,1338.0789794921875,0.31989437159785317,low,0.6194178693756203,0.0178270706022501,0,0.38729141108195,0.6832628329406204,0,-16.28509663095133,450.13423258463536,173.5069580078125,0.44964603790819824,281.99,25.49048029693604,1,ok,NA,cap_dem_v1
icefall,21,Mixed Klettergebiet,47.05883952,10.96612868,DGM_Tirol_5m_epsg31254_2006_2020,5,1283.89697265625,0.3573267357329471,low,0.5962059522542765,0.1330371084979715,0,0.4803337936401368,0.6864393433257638,0,7.489107175817026,425.11466064453134,117.81396484375,0.31217128937607264,314.3425,25.89712255975169,1,ok,NA,cap_dem_v1
icefall,22,Nordstau,47.05883952,10.96612868,DGM_Tirol_5m_epsg31254_2006_2020,5,1283.89697265625,0.3573267357329471,low,0.5962059522542765,0.1330371084979715,0,0.4803337936401368,0.6864393433257638,0,7.489107175817026,425.11466064453134,117.81396484375,0.31217128937607264,314.3425,25.89712255975169,1,ok,NA,cap_dem_v1
icefall,23,Pokerface,47.05883952,10.96612868,DGM_Tirol_5m_epsg31254_2006_2020,5,1283.89697265625,0.3573267357329471,low,0.5962059522542765,0.1330371084979715,0,0.4803337936401368,0.6864393433257638,0,7.489107175817026,425.11466064453134,117.81396484375,0.31217128937607264,314.3425,25.89712255975169,1,ok,NA,cap_dem_v1
icefall,24,New Life,47.05883952,10.96612868,DGM_Tirol_5m_epsg31254_2006_2020,5,1283.89697265625,0.3573267357329471,low,0.5962059522542765,0.1330371084979715,0,0.4803337936401368,0.6864393433257638,0,7.489107175817026,425.11466064453134,117.81396484375,0.31217128937607264,314.3425,25.89712255975169,1,ok,NA,cap_dem_v1
icefall,25,Via Ali,47.06047859,10.94324338,DGM_Tirol_5m_epsg31254_2006_2020,5,2002.720947265625,0.31527428088229226,low,0.5848175781567667,0,0,0.3988419545491536,0.728290621071517,0,4.9765325819103055,437.6407958984373,831.677978515625,0.5991641468831951,239.38,31.875551794530153,1,ok,NA,cap_dem_v1
icefall,26,Lucky Strike,47.01162268,10.96634326,DGM_Tirol_5m_epsg31254_2006_2020,5,1772.574951171875,0.7520873595032134,high,1,0.9364555451654348,0,0.937697245279948,0.8487925761324163,0.6822777258271739,-193.23781400544567,735.247233072917,259.3619384765625,0.05833546699513525,546.42,57.59394782360112,1,ok,NA,cap_dem_v1
icefall,27,Fritz Phantom,47.00661867,10.9737247,DGM_Tirol_5m_epsg31254_2006_2020,5,2495.14599609375,0.15887652395704174,low,0.12627307720538303,0,0,0.0858567962646485,0.7628649014399914,0,76.2211518288018,111.33365885416696,921.08203125,0.8514428067261781,103.905,37.80465764778919,1,ok,NA,cap_dem_v1
icefall,28,Waldesruh Ralley - Bichlfall,47.02797391,10.99501338,DGM_Tirol_5m_epsg31254_2006_2020,5,1249.0179443359375,0.8356417944896618,high,1,0.8762762468112215,0.5747216618410537,0.8570673650105796,0.8204553044470579,0.6216663540970349,-108.37049942062596,844.1900634765625,47.221923828125,0.02650574060361114,497.73,50.14842970653477,1,ok,NA,cap_dem_v1
icefall,29,Taufenbachfall (ohne Vorhang),47.02183284,10.99564764,DGM_Tirol_5m_epsg31254_2006_2020,5,1228.572021484375,0.92537211234134,high,0.98992919921875,1,0.8627731123682433,0.8431662178039552,0.8590683826160708,1,-106.9673814265027,692.950439453125,20.799072265625,0.00294101364630331,522.02,60.55382697426396,1,ok,NA,cap_dem_v1
icefall,30,Mhlgartenfall / Betonwerks?õule,47.02183284,10.99564764,DGM_Tirol_5m_epsg31254_2006_2020,5,1228.572021484375,0.92537211234134,high,0.98992919921875,1,0.8627731123682433,0.8431662178039552,0.8590683826160708,1,-106.9673814265027,692.950439453125,20.799072265625,0.00294101364630331,522.02,60.55382697426396,1,ok,NA,cap_dem_v1
icefall,31,Elfenbein,47.02183284,10.99564764,DGM_Tirol_5m_epsg31254_2006_2020,5,1228.572021484375,0.92537211234134,high,0.98992919921875,1,0.8627731123682433,0.8431662178039552,0.8590683826160708,1,-106.9673814265027,692.950439453125,20.799072265625,0.00294101364630331,522.02,60.55382697426396,1,ok,NA,cap_dem_v1
icefall,32,R?õtselburg,47.0081575,10.99938127,DGM_Tirol_5m_epsg31254_2006_2020,5,1481.4849853515625,0.5658338544384723,medium,0.9429304082961308,0.37464458947961665,0,0.6424022293090821,0.9338651373211544,0,-36.057303159712774,660.0512858072916,251.9219970703125,0.2301256677830985,379.32,87.11313347187016,1,ok,NA,cap_dem_v1
icefall,33,Freizeitstress,47.0081575,10.99938127,DGM_Tirol_5m_epsg31254_2006_2020,5,1481.4849853515625,0.5658338544384723,medium,0.9429304082961308,0.37464458947961665,0,0.6424022293090821,0.9338651373211544,0,-36.057303159712774,660.0512858072916,251.9219970703125,0.2301256677830985,379.32,87.11313347187016,1,ok,NA,cap_dem_v1
icefall,34,Namenlos,46.97334271,11.01845886,DGM_Tirol_5m_epsg31254_2006_2020,5,1698.0860595703125,0.4183392845524111,medium,0.8239471567946579,0,0,0.42885091400146486,0.9868323883568462,0,28.149690242673618,609.5878499348955,370.3330078125,0.5618396562580003,255.005,112.59522116246916,1,ok,NA,cap_dem_v1
icefall,35,Hohe Brcke,46.90466547,10.96714096,DGM_Tirol_5m_epsg31254_2006_2020,5,1693.031005859375,0.7662875948939493,high,0.8829652390252971,0.852929693523934,0.2364225631014444,0.900195660909017,1,0.26464846761966965,-134.9335624983812,618.0756673177079,110.907958984375,0.04608805170719555,533.125,283.6872748570004,1,ok,NA,cap_dem_v1
icefall,36,Testgolla,47.09844413,10.95780488,DGM_Tirol_5m_epsg31254_2006_2020,5,1166.8260498046875,0.6060872568274457,medium,0.98484046700191,0.17026272013358085,0.6805002207186039,0.5289653752644857,0.6791107307345288,0,-96.98948259728944,716.7799072265625,43.6820068359375,0.01217267342080496,320.16,24.968202839377575,1,ok,NA,cap_dem_v1
icefall,37,Klettergarten Oberried - Eispark,47.07646018,10.94993127,DGM_Tirol_5m_epsg31254_2006_2020,5,1173.43505859375,0.6315248996163746,medium,0.9465276877578304,0.1881802124001631,0.8741089931415398,0.5257972717285156,0.6277102345952728,0,-102.67442592858856,670.60791015625,21.047119140625,0.00121791722314873,326.1875,19.294842879873272,1,ok,NA,cap_dem_v1
icefall,38,Zwieselsteinf?õlle,46.94276424,11.0333006,DGM_Tirol_5m_epsg31254_2006_2020,5,1709.5970458984375,0.4958681367332079,medium,0.9823514706482556,0.21141593952301851,0,0.506218677520752,0.8099565504151778,0,-50.61932493877839,693.1329345703125,321.3291015625,0.3350586086162277,334.0875,47.63687396715727,1,ok,NA,cap_dem_v1
icefall,39,Khlenkar Wasserfall,47.05703252,11.05611148,DGM_Tirol_5m_epsg31254_2006_2020,5,2126.97900390625,0.5462785240951021,medium,0.99923020798788,0.2676442384291497,0,0.5303994166056316,1,0,-73.85323944919583,748.684326171875,444.2900390625,0.30970009826037614,348.42,339.41805971386054,1,ok,NA,cap_dem_v1
icefall,40,Bachfalle,47.08530919,11.05938377,DGM_Tirol_5m_epsg31254_2006_2020,5,2324.424072265625,0.6612640927203413,medium,0.7878334728422617,0.7976388251631266,0,0.7659734547932945,1,0,-115.5179095319536,551.4834309895832,249.732177734375,0.0730573067687176,535.065,276.7865855293917,1,ok,NA,cap_dem_v1
icefall,41,Wtenbach/Kaisers,46.98954212,11.0200582,DGM_Tirol_5m_epsg31254_2006_2020,5,1506.60595703125,0.5954719277974259,medium,1,0.4283911009296935,0,0.5891610171000163,1,0,-108.0677713434211,752.4514404296879,219.6109619140625,0.25297052656346236,382.7425,143.1764322657925,1,ok,NA,cap_dem_v1
icefall,42,Sevlstauda,47.10893708,10.95374477,DGM_Tirol_5m_epsg31254_2006_2020,5,1252.68896484375,0.4850509919750582,medium,0.8430557686941964,0.3869499654124615,0,0.5399374008178711,0.6437263221714199,0,-119.38792323394432,590.1390380859375,177.9169921875,0.3411248581471948,365.0725,20.91511562276426,1,ok,NA,cap_dem_v1
icefall,43,Mammut Lex,47.02183284,10.99564764,DGM_Tirol_5m_epsg31254_2006_2020,5,1228.572021484375,0.92537211234134,high,0.98992919921875,1,0.8627731123682433,0.8431662178039552,0.8590683826160708,1,-106.9673814265027,692.950439453125,20.799072265625,0.00294101364630331,522.02,60.55382697426396,1,ok,NA,cap_dem_v1
icefall,44,Gegenwind,47.0081575,10.99938127,DGM_Tirol_5m_epsg31254_2006_2020,5,1481.4849853515625,0.5658338544384723,medium,0.9429304082961308,0.37464458947961665,0,0.6424022293090821,0.9338651373211544,0,-36.057303159712774,660.0512858072916,251.9219970703125,0.2301256677830985,379.32,87.11313347187016,1,ok,NA,cap_dem_v1
icefall,45,Herbstgold,46.9564,10.96579,DGM_Tirol_5m_epsg31254_2006_2020,5,2231.56591796875,0.5833901630253335,medium,0.6952424200148809,0.6407095977689902,0,0.6632442779541016,0.9994367792416704,0,-96.184776123378,486.6696940104166,237.10595703125,0.11446049936333942,469.88,119.67360926029242,1,ok,NA,cap_dem_v1
icefall,46,Forsttechnik,47.01761,10.99537,DGM_Tirol_5m_epsg31254_2006_2020,5,1280.5679931640625,0.7418796909848915,high,0.9787742396763393,0.743387055081592,0.255280809965877,0.8546134223937989,0.8806079462877561,0,-128.06211054523806,685.1419677734375,70.7159423828125,0.06954373386667036,493.405,67.25230887643299,1,ok,NA,cap_dem_v1
icefall,47,Milchschnitte,47.18785309,10.91448647,DGM_Tirol_5m_epsg31254_2006_2020,5,946.551025390625,0.42509182997801254,medium,0.9991911386484909,0.3059293674236772,0,0.554374496459961,0.10437019327317572,0,-154.07046951290204,827.7880289713542,162.655029296875,0.28934786369140286,348.34,0.6496078386885995,1,ok,NA,cap_dem_v1
icefall,48,Venter Eisfall,46.8562,10.912953,DGM_Tirol_5m_epsg31254_2006_2020,5,1933.7760009765625,0.6970003509309967,medium,0.6843866838727679,0.7264326638636731,0.35995153658294243,0.815368044535319,1,0,-65.41762865724445,479.0706787109375,77.8759765625,0.04386753940467459,508.51,423.10362323964466,1,ok,NA,cap_dem_v1
icefall,49,24 hours of freedom - Sagwand,47.028754,11.628868,DGM_Tirol_5m_epsg31254_2006_2020,5,2446.76806640625,0.6277712076871625,medium,0.96338568405878,0.5409670833964134,0,0.6778867721557618,1,0.17608654828610615,-209.03795024404872,674.3699788411459,567.1981201171875,0.25320721294233245,412.135,171.21702281678327,1,ok,NA,cap_dem_v1
icefall,50,3. Zwerg,47.01676544,11.1960125,DGM_Tirol_5m_epsg31254_2006_2020,5,1484.3990478515625,0.827174666523134,high,1,0.931816602074972,0.29629716296110303,0.8997405560811361,1,0.659083010374859,-172.1215085991539,820.7606689453123,95.1380615234375,0.04458316608302075,540.8025,243.69017693081375,1,ok,NA,cap_dem_v1
icefall,51,7. Zwerg - Grawa Eisgarten,47.0154,11.1927,DGM_Tirol_5m_epsg31254_2006_2020,5,1495.407958984375,0.846222290347776,high,1,0.9640893734703035,0.29472818662982114,0.975028731028239,1,0.8204468673515173,-164.8542449152751,799.9516194661455,92.096923828125,0.04757786065692875,547.985,268.5458649761514,1,ok,NA,cap_dem_v1
icefall,52,Adieu Konni - Geierkopf-Nordwand,47.522008,10.8802915,DGM_Tirol_5m_epsg31254_2006_2020,5,1633.4560546875,0.18150964200751335,low,0.4464141835550541,0.03429958817983334,0,0.40887466049194343,0,0.1714979408991667,-97.43962619532384,328.11617838541656,538.444091796875,0.5873768268379097,264.515,0,1,ok,NA,cap_dem_v1
icefall,53,Amore Fragile,46.9288,10.495,DGM_Tirol_5m_epsg31254_2006_2020,5,1193.9019775390625,0.44499183486044225,medium,1,0.43096726848839984,0,0.581666784922282,0,0,-136.53293494774994,804.9442301432291,217.16796875,0.3040159002842638,359.47,0,1,ok,NA,cap_dem_v1
icefall,54,Amphitrite,47.014,11.5028,DGM_Tirol_5m_epsg31254_2006_2020,5,1433.698974609375,0.3351343961261178,low,0.5297286551339285,0.4623528671324715,0,0.5675861981709799,0.01317390555913891,0,-82.06531757999846,370.81005859375,206.075927734375,0.16792823300086793,395.495,0.06521780685379815,1,ok,NA,cap_dem_v1
icefall,55,Aria 51 - Laserz Nordwand,46.776166,12.81022,DGM_Tirol_5m_epsg31254_2006_2020,5,1820.7845458984375,0.4096888266477115,medium,0.9680271228608632,0.3430134559467797,0,0.5461912129720052,0,0,-167.07557821286375,677.6189860026043,535.231689453125,0.3699474765928294,369.8975,0,1,ok,NA,cap_dem_v1
icefall,56,Art of Freedom - Serles,47.1305388,11.3843588,DGM_Tirol_5m_epsg31254_2006_2020,5,1919.7320556640625,0.25344007090000564,low,0.6424775640236958,0.06530689560171715,0,0.5099597066243491,0,0.16677783124978807,-134.79526396891197,464.2398681640625,504.4820556640625,0.5596977748256393,291.265,0,1,ok,NA,cap_dem_v1
icefall,57,Asylzapfen in St. Gertraudi,47.4039,11.8442,DGM_Tirol_5m_epsg31254_2006_2020,5,701.97198486328125,0.12974286276330305,low,0.3752372000308733,0,0,0.23955708503723144,0,0,22.18590221263105,302.3879597981771,185.4219970703125,0.7424181604263271,161.5375,0,1,ok,NA,cap_dem_v1
icefall,58,Auf alten Spuren,47.0794,11.6799,DGM_Tirol_5m_epsg31254_2006_2020,5,2443.885009765625,0.4778985373217798,medium,0.6298601422991071,0.35316604128976953,0,0.547613276163737,1,0,-49.927313075508664,440.902099609375,390.261962890625,0.3506199662339819,371.905,204.58799649231815,1,ok,NA,cap_dem_v1
icefall,59,Aufnahmeprfung - Tauerntal,47.083,12.5253,DGM_Tirol_5m_epsg31254_2006_2020,5,1393.0228271484375,0.6711068166163808,medium,0.9764028552827384,0.724705316676749,0.11039889905804592,0.7553613459269206,0.7363052795057445,0,-117.4150686798987,683.4819986979169,123.7730712890625,0.07758942780045665,487.3725,33.1637758863544,1,ok,NA,cap_dem_v1
icefall,61,Badlands - Sagwandspitze,47.03044,11.61888,DGM_Tirol_5m_epsg31254_2006_2020,5,2498.93798828125,0.31668493886993093,low,0.4776710695666378,0,0,0.3151144765218099,1,0,5.356427951071964,372.4014892578125,762.76904296875,0.6772528149373344,191.915,129.81321166398675,1,ok,NA,cap_dem_v1
icefall,62,Ballerina Rinne,47.5324,12.6498,DGM_Tirol_5m_epsg31254_2006_2020,5,1833.2039794921875,0.21079430490716103,low,0.5686072733395816,0,0,0.4576165771484375,0,0,-71.34555670914574,418.4065185546874,582.9310302734375,0.5678886772853186,262.8275,0,1,ok,NA,cap_dem_v1
icefall,63,Bananenecke - Groáglockner,47.070089,12.69519,DGM_Tirol_5m_epsg31254_2006_2020,5,3228.43603515625,0.2769634736527569,low,0.32450453090253156,0,0,0.30558227284749356,1,0,-77.52580981071424,259.7098876953123,400.690673828125,0.6857088122605364,167.3575,363.38411175934584,1,ok,NA,cap_dem_v1
icefall,64,Bayerisch Schottische Wintergames - Westlicher Geierkopf,47.518127,10.863208,DGM_Tirol_5m_epsg31254_2006_2020,5,1765.9969482421875,0.10306097562209442,low,0.2434519651129964,0.01277080318959018,0,0.2600352236429851,0,0.06385401594795093,-62.5792928000119,195.010009765625,666.9779052734375,0.8119481274393113,166.6125,0,1,ok,NA,cap_dem_v1
icefall,65,Beilfall Beilf„lle - Fernautal,47.0015136,11.1491723,DGM_Tirol_5m_epsg31254_2006_2020,5,2111.4541015625,0.5907051254454468,medium,0.8318279854910712,0.5072450690861262,0,0.7062457453409832,1,0,-36.84515076585967,582.2795898437498,398.9560546875,0.2499584832549128,418.49,570.6019998559706,1,ok,NA,cap_dem_v1
icefall,66,Berufsschule - Treffauer,47.55863386,12.28288876,DGM_Tirol_5m_epsg31254_2006_2020,5,1798.27099609375,0.17914065085135938,low,0.4090352240267419,0.03108115745486752,0,0.4607437032063803,0,0.15540578727433765,-123.8755473817928,301.1601074218752,683.0489501953125,0.6258537294222665,261.98,0,1,ok,NA,cap_dem_v1
icefall,67,Bese Hexe - Grawa Eisgarten,47.016,11.1937,DGM_Tirol_5m_epsg31254_2006_2020,5,1484.6650390625,0.8444859971112019,high,1,0.9337900469788752,0.33235109344313313,0.963788444519043,1,0.6689502348943752,-172.578899184889,814.505859375,85.7740478515625,0.04381309549345087,550.215,260.1593355468978,1,ok,NA,cap_dem_v1
icefall,68,Besinnungsweg,47.0718,11.3267,DGM_Tirol_5m_epsg31254_2006_2020,5,1579.5830078125,0.7491157478513581,high,1,0.9982663323196836,0.2876225284005372,0.8789962730407715,0.40116812090142767,0.9913316615984172,-189.92920904488597,867.7323893229168,95.198974609375,0.0467385437282881,543.9325,5.84773733338738,1,ok,NA,cap_dem_v1
icefall,69,Bichelerstal Eisfall,47.078,11.2775,DGM_Tirol_5m_epsg31254_2006_2020,5,1345.6400146484375,0.47478051426657486,medium,1,0.3097926317293628,0,0.5515270741780599,0.4306886347168343,0,-109.95292829348796,729.4490966796875,315.281005859375,0.3717435077740643,354.705,6.889182225050879,1,ok,NA,cap_dem_v1
icefall,70,Bierfahrerbeifahrer - Kuhkopf,47.4413578,11.4543422,DGM_Tirol_5m_epsg31254_2006_2020,5,1318.739990234375,0.5566043446483193,medium,1,0.7301695316084138,0,0.8270797449747721,0,0,-268.8501999194475,847.468098958333,232.47998046875,0.10089616276253416,494.03,0,1,ok,NA,cap_dem_v1
icefall,71,Big Brother is watching you - Freiwandspitze,47.037022,12.686294,DGM_Tirol_5m_epsg31254_2006_2020,5,2268.3232421875,0.5416743174241138,medium,0.5997027064732141,0.5387374221099598,0,0.7137619018554687,1,0,-85.92214784601174,419.7918945312499,323.6641845703125,0.1462079749804535,432.9025,218.9382132905596,1,ok,NA,cap_dem_v1
icefall,72,Black Denim - Ochsengarten,47.22065,10.89899,DGM_Tirol_5m_epsg31254_2006_2020,5,1278.5379638671875,0.3661575655500331,low,0.5778315080915178,0.5115377905850902,0,0.5987910067240397,0.02664393248183426,0.11032093918472774,-117.94161333245734,404.4820556640625,364.31597900390625,0.31593187967531433,415.9975,0.13630153349705454,1,ok,NA,cap_dem_v1
icefall,73,Boandlkramer,47.364,12.2751,DGM_Tirol_5m_epsg31254_2006_2020,5,1713.094970703125,0.13194384700427203,low,0.26146539530058693,0.15386989567060275,0,0.18740016174316412,0,0.7693494783530137,46.03720619652222,200.4979085286459,632.6119384765625,0.5779661603404727,209.62,0,1,ok,NA,cap_dem_v1
icefall,74,Bruad Henn,47.47237279,12.07189322,DGM_Tirol_5m_epsg31254_2006_2020,5,755.59100341796875,0.2066936966323685,low,0.4377561332540992,0.1818503408211512,0,0.3452805207570394,0,0.3543613090204395,-38.686285105203865,315.08878987630214,246.38299560546875,0.3932480867964739,297.7825,0,1,ok,NA,cap_dem_v1
icefall,75,CapiTalismuskritik - Burgschrofen Kraspestal,47.191304,11.064919,DGM_Tirol_5m_epsg31254_2006_2020,5,1989.68701171875,0.5857055118526341,medium,0.8479518926711314,0.7554495377644608,0,0.87617599995931,0.3561916949989307,0,-112.66706158691204,593.566324869792,235.18798828125,0.08757932031914967,510.2775,4.5191328927100995,1,ok,NA,cap_dem_v1
icefall,76,Catwalk - Hohe Warte,47.035614,11.612,DGM_Tirol_5m_epsg31254_2006_2020,5,2088.39990234375,0.46394068754334306,medium,0.6834467809522525,0.2387960671825455,0,0.5558665033976237,1,0,-112.6267415971588,480.14051106770785,501.9678955078125,0.3664609167404783,342.675,176.51540826920692,1,ok,NA,cap_dem_v1
icefall,77,Clean isch tot,47.5182,10.6226,DGM_Tirol_5m_epsg31254_2006_2020,5,2051.756103515625,0.04562261155015118,low,0,0.18249044620060473,0,0,0,0.9124522310030236,260.6701322475826,-183.26018066406257,831.2611083984375,1,0,0,1,ok,NA,cap_dem_v1
icefall,78,Daily Dose of Luck - Pinnistal,47.07649,11.347103,DGM_Tirol_5m_epsg31254_2006_2020,5,2148.677978515625,0.302987034059875,low,0.5436466613535924,0.18500210717911217,0,0.4943482742309571,0.3111506719470352,0,-141.2846875099317,384.06101074218714,698.1810302734375,0.4724834443960058,331.7025,3.4469276890375817,1,ok,NA,cap_dem_v1
icefall,79,Das 3. Leben - Groáglockner,47.0717,12.6921,DGM_Tirol_5m_epsg31254_2006_2020,5,3347.810791015625,0.22421624486606195,low,0.17880527792616183,0,0,0.19676616923014328,1,0,9.246766295439556,154.3515625,477.053955078125,0.8214749450141771,114.875,381.5698514428654,1,ok,NA,cap_dem_v1
icefall,80,Das fnfte Element,47.3727,11.3587,DGM_Tirol_5m_epsg31254_2006_2020,5,1176.6590576171875,0.47181446737166,medium,1,0.5157400678203803,0,0.6191963361104329,0,0,-119.24863899042772,826.1619384765625,125.8651123046875,0.17192387543252596,408.8175,0,1,ok,NA,cap_dem_v1
icefall,81,Das letzte Einhorn,47.09244868,10.81863642,DGM_Tirol_5m_epsg31254_2006_2020,5,1550.6219482421875,0.4595505444001628,medium,0.9905725553407168,0.20549427949763055,0,0.5478482170104981,0.5223773542600083,0,-80.65726650082911,701.6559488932289,297.9249267578125,0.34695995737643665,331.1325,11.246159489736872,1,ok,NA,cap_dem_v1
icefall,82,Der Grawa-Gully (Botanikerkamin),47.0158,11.1943,DGM_Tirol_5m_epsg31254_2006_2020,5,1487.884033203125,0.8345712718389673,high,1,0.9070569394403574,0.31001501468259746,0.9720268936157226,1,0.5352846972017867,-175.36794726141284,819.1638427734374,90.175048828125,0.04545140042067973,546.7025,257.3095861856012,1,ok,NA,cap_dem_v1
icefall,84,Der weiáe Hai - Innergschl”á,47.1276686,12.4607334,DGM_Tirol_5m_epsg31254_2006_2020,5,1755.1795654296875,0.6714444571666371,medium,0.8967348981584824,0.6987109229091892,0,0.817220012664795,1,0.05519136959752835,-132.11478828606937,627.7144287109377,218.49072265625,0.13731229672687012,463.2875,148.9629008716873,1,ok,NA,cap_dem_v1
icefall,85,Die Kohlebagger von Ltzerath - Maningkogel,47.19245827,10.96333822,DGM_Tirol_5m_epsg31254_2006_2020,5,2572.64599609375,0.08766832525591298,low,0.21167989238346951,0,0,0.18970169321695973,0.04195398785001093,0,34.87294491904231,171.9772786458334,398.18603515625,0.6479925820335746,154.97,0.22287242522191977,1,ok,NA,cap_dem_v1
icefall,86,Die Linken Zwerge,47.0163,11.199,DGM_Tirol_5m_epsg31254_2006_2020,5,1577.510986328125,0.6960517806414276,medium,1,0.6855597699656125,0,0.8310789210001628,1,0,-121.5064733725112,773.2052083333333,197.0460205078125,0.09904785629272884,461.4475,230.02668588761648,1,ok,NA,cap_dem_v1
icefall,87,Die Uralte,47.45578459,11.98940992,DGM_Tirol_5m_epsg31254_2006_2020,5,573.406005859375,0.4297077373272117,medium,0.6541392589750743,0.6692950655779132,0,0.658994374593099,0,0,-178.8942558354097,457.897481282552,56.8790283203125,0.23014703338522743,479.7575,0,1,ok,NA,cap_dem_v1
icefall,88,D”rnr”schen - Kraspestal,47.191333,11.066194,DGM_Tirol_5m_epsg31254_2006_2020,5,2001.7860107421875,0.5695949049487465,medium,0.8141786528087803,0.7380103345797352,0,0.8561639455159505,0.3541537751615,0,-113.1432068774584,569.9250569661463,255.614013671875,0.09557256345669445,498.4275,4.46545473412484,1,ok,NA,cap_dem_v1
icefall,89,Domenicus,47.1147,11.1405,DGM_Tirol_5m_epsg31254_2006_2020,5,1847.865966796875,0.6411196090068697,medium,0.9948053617931548,0.5571885771640115,0,0.6874741617838542,1,0.14999026592592857,-102.09000664299016,696.3637532552084,198.801025390625,0.1423400853985149,422.5275,150.40470105005338,1,ok,NA,cap_dem_v1
icefall,90,Dopey - Grawa Eisgarten,47.0158,11.1931,DGM_Tirol_5m_epsg31254_2006_2020,5,1487.134033203125,0.8606807855484427,high,1,1,0.3288081750261489,0.966127670288086,1,1,-170.0703502049471,808.56396484375,85.8809814453125,0.0445396234509386,550.875,264.5668189196512,1,ok,NA,cap_dem_v1
icefall,91,Drachenfels Mixedwand Bergisel,47.246,11.40069,DGM_Tirol_5m_epsg31254_2006_2020,5,691.80401611328125,0.1233622965977796,low,0.22111507548095463,0.18279103763745863,0,0.1492384554545085,0,0.5877171709435596,1.729168200631193,162.05563354492188,116.86700439453124,0.34398677027185987,268.8,0,1,ok,NA,cap_dem_v1
icefall,92,Drecksau - Defreggental,46.9177334,12.4287316,DGM_Tirol_5m_epsg31254_2006_2020,5,1318.7972412109375,0.4787864549094604,medium,0.8888310837518602,0.587729304635866,0.00754636139693393,0.7209139035542806,0,0,-96.12610232501584,622.1817586263021,78.2213134765625,0.11839847209920284,437.065,0,1,ok,NA,cap_dem_v1
icefall,93,Easy Afternoon - Lsens,47.1152757,11.1409144,DGM_Tirol_5m_epsg31254_2006_2020,5,1851.281005859375,0.627565038331858,medium,0.998820870535714,0.5038571584631044,0,0.6793035405476889,1,0,-101.49251092655732,699.1746093749998,204.8900146484375,0.16580508093369595,413.2275,145.07051647247903,1,ok,NA,cap_dem_v1
icefall,94,Easy Day,47.1149,11.1405,DGM_Tirol_5m_epsg31254_2006_2020,5,1840.1090087890625,0.6391317188465246,medium,1,0.5401383431290183,0,0.6939808870951335,1,0,-105.5423444513549,701.4560465494787,192.2509765625,0.1378613636678153,426.475,148.81411007367046,1,ok,NA,cap_dem_v1
icefall,95,Eibergfall,47.54338492,12.18181293,DGM_Tirol_5m_epsg31254_2006_2020,5,762.7050170898436,0.10218173666804396,low,0.28342835582134573,0,0,0.20883098475138348,0,0,6.852719125696467,213.54095458984375,231.3699951171875,0.4739832391023024,230.65,0,1,ok,NA,cap_dem_v1
icefall,96,Eintagsfliege,47.10936,10.80075,DGM_Tirol_5m_epsg31254_2006_2020,5,1374.8289794921875,0.3965241794883733,low,0.7387548246837796,0.3923494124931074,0,0.6315631675720216,0.12675763372232202,0,-54.16809872348403,517.1283772786458,249.72802734375,0.23170621985064607,383.01,0.8365761706193566,1,ok,NA,cap_dem_v1
icefall,97,Eisarena Brunnalm,46.885,12.3509,DGM_Tirol_5m_epsg31254_2006_2020,5,2043.4775390625,0.4418840124729167,medium,0.9062004975818452,0.5109461693752512,0,0.5839823048909505,0,0,-96.96926236563512,634.3403483072916,295.08642578125,0.17632935478290954,425.955,0,1,ok,NA,cap_dem_v1
icefall,98,Eisarena Umbaltal - Sektor Flying Dutchman,47.011,12.2867,DGM_Tirol_5m_epsg31254_2006_2020,5,1744.1317138671875,0.7481828174674857,high,1,0.838931983981271,0,0.9229988098144531,1,0.19837561764450665,-196.3852678494577,822.3401285807295,243.53759765625,0.07543474800877455,540.8125,137.9114581239088,1,ok,NA,cap_dem_v1
icefall,99,Eisarena Umbaltal - Sektor Rockmaster,47.011,12.2867,DGM_Tirol_5m_epsg31254_2006_2020,5,1744.1317138671875,0.7481828174674857,high,1,0.838931983981271,0,0.9229988098144531,1,0.19837561764450665,-196.3852678494577,822.3401285807295,243.53759765625,0.07543474800877455,540.8125,137.9114581239088,1,ok,NA,cap_dem_v1
icefall,100,Eisarena Umbaltal - Sektor Umbaltaler,47.011,12.2867,DGM_Tirol_5m_epsg31254_2006_2020,5,1744.1317138671875,0.7481828174674857,high,1,0.838931983981271,0,0.9229988098144531,1,0.19837561764450665,-196.3852678494577,822.3401285807295,243.53759765625,0.07543474800877455,540.8125,137.9114581239088,1,ok,NA,cap_dem_v1
icefall,102,Eiswelt Taschachschlucht Pitztal,46.9576729,10.869486,DGM_Tirol_5m_epsg31254_2006_2020,5,1712.760986328125,0.7553204058205293,high,0.7814460797991069,0.7952385986328125,0.4031722951450832,0.8700985145568848,1,0,-112.28221774811163,547.0122558593748,45.43603515625,0.05528340529170818,527.0825,285.69462235582563,1,ok,NA,cap_dem_v1
icefall,103,Eremit - Amphitheater Pinnisalm,47.070523,11.327456,DGM_Tirol_5m_epsg31254_2006_2020,5,1669.123046875,0.6273040057524037,medium,1,0.7424173755049839,0.00864703210796687,0.8619874903361003,0.4044808793609961,0,-145.79895209655456,852.93994140625,172.3720703125,0.0955142088110543,498.335,5.957398161704218,1,ok,NA,cap_dem_v1
icefall,104,Ethik-G„rtner - Lsens,47.1139,11.1407,DGM_Tirol_5m_epsg31254_2006_2020,5,1892.5009765625,0.5974573482771203,medium,0.955710007440476,0.44697044462796615,0,0.6452482350667318,1,0,-82.60436141265973,668.9970052083331,236.0849609375,0.18519082279356824,395.645,156.4031903782418,1,ok,NA,cap_dem_v1
icefall,105,Fear Control - Schwarze Wand,46.9966175,11.3679942,DGM_Tirol_5m_epsg31254_2006_2020,5,1920.407958984375,0.6268916058583297,medium,1,0.8740146139366818,0,0.8350420837402344,0.220877598754161,0.7017602705019331,-174.13913881515782,773.85400390625,313.8529052734375,0.13139867978577657,500.2575,1.88430133726316,1,ok,NA,cap_dem_v1
icefall,106,Fear of the dark - Zw”lferkogel Nordwand,47.192544,11.002741,DGM_Tirol_5m_epsg31254_2006_2020,5,2358.408935546875,0.22188031566537625,low,0.5262967188072484,0.0050071231064104,0,0.35048865000406904,0.24320705124234135,0.02503561553205202,-2.1607975065157916,385.8011230468751,442.5909423828125,0.46093701348574273,268.4975,2.210318254625266,1,ok,NA,cap_dem_v1
icefall,108,Firndreieck - Groáer M”seler,46.9979,11.7806,DGM_Tirol_5m_epsg31254_2006_2020,5,3075.68798828125,0.0962402847444393,low,0.1970050202147628,0.05679530300052542,0,0.1429805043538412,0.07562085525027382,0.2839765150026271,29.206902142960644,161.35791015625,633.85302734375,0.6956766603626655,148.7375,0.437149708080873,1,ok,NA,cap_dem_v1
icefall,109,First Base,47.1253,12.0079,DGM_Tirol_5m_epsg31254_2006_2020,5,1350.697998046875,0.6568325666750732,medium,0.9484610944475445,0.6895843681781351,0,0.8975670814514162,0.7512409253396052,0,-74.39021945805462,663.9227661132811,204.6839599609375,0.08153054021508949,457.31,35.70063756338791,1,ok,NA,cap_dem_v1
icefall,110,Fluchtkogel Nordwestwand,46.8639,10.7909,DGM_Tirol_5m_epsg31254_2006_2020,5,3138.406982421875,0.19397197278963824,low,0.2432110666821412,0.1139345774412559,0,0.21762924702962244,0.4802744980289709,0.5696728872062795,-17.605678180888845,180.7284505208336,472.43798828125,0.4932709672508874,248.8625,9.007110566255026,1,ok,NA,cap_dem_v1
icefall,111,Friends of moss - Zw”lferkogel Nordwand,47.192898,11.009772,DGM_Tirol_5m_epsg31254_2006_2020,5,2610.287109375,0.08522098957910415,low,0.18508628711731032,0,0,0.11551060485839844,0.14415218047344538,0,57.2800333387554,157.5048828125,692.028076171875,0.8040548021035151,123.085,0.9963562905550098,1,ok,NA,cap_dem_v1
icefall,112,Frosnitzfall,47.04673,12.49409,DGM_Tirol_5m_epsg31254_2006_2020,5,1364.8153076171875,0.6838529327437856,medium,1,0.8801070386270184,0,0.8746437670389811,0.5508640535412256,0.46468211367282586,-204.36922139512512,928.0758056640624,230.9813232421875,0.09667328733468517,525.625,13.038851873780349,1,ok,NA,cap_dem_v1
icefall,113,Frostk”nig - Kraspestal Burgschrofen,47.1912727,11.0653567,DGM_Tirol_5m_epsg31254_2006_2020,5,2006.9320068359375,0.5720334749356579,medium,0.817004406156994,0.7391873002789495,0,0.8641489079793294,0.3557547475318175,0,-99.82920318427614,571.9030843098958,253.75,0.09545328719723184,498.67,4.507579611872787,1,ok,NA,cap_dem_v1
icefall,114,Gaia - Seebenw„nde,47.3745,10.9419,DGM_Tirol_5m_epsg31254_2006_2020,5,1406.7459716796875,0.46768250979505493,medium,0.9593826148623514,0.5140824066176731,0,0.6621083628336588,0,0,-129.41863642765406,671.567830403646,310.906005859375,0.3278154174077329,408.29,0,1,ok,NA,cap_dem_v1
icefall,115,Gaisalmfall - Achensee,47.4779,11.7008,DGM_Tirol_5m_epsg31254_2006_2020,5,969.11700439453125,0.4502434696003008,medium,1,0.43905963126985537,0,0.6031904118855795,0,0.1377175806846277,-133.28965513308776,703.1959187825523,40.655029296875,0.26297395865772555,373.5275,0,1,ok,NA,cap_dem_v1
icefall,116,Gamsleichfall,47.2226,10.9883,DGM_Tirol_5m_epsg31254_2006_2020,5,1868.3929443359375,0.474554229354528,medium,0.948596098400298,0.5041010798601755,0,0.6628641510009766,0.07966874759508742,0,-93.67592449305356,664.0172688802086,212.7579345703125,0.1158135801956633,417.2425,0.4653214328569164,1,ok,NA,cap_dem_v1
icefall,117,Ganot Nordwandrinne,46.962523,12.707483,DGM_Tirol_5m_epsg31254_2006_2020,5,2502.906005859375,0.35109643770689686,low,0.5640843963332993,0.13253264256896635,0,0.5153040313720704,0.664310488503466,0,-77.95894436920753,402.11181640625,624.6260986328125,0.459471801506964,314.79,23.188902657242053,1,ok,NA,cap_dem_v1
icefall,118,Gelber Fluss - Kaunertal,46.9684276,10.7435852,DGM_Tirol_5m_epsg31254_2006_2020,5,1682.01904296875,0.6658316778722788,medium,0.976015625,0.6649582435259379,0.00196744058237177,0.7400272216796875,0.9612709291491118,0,-113.77897178710532,683.2109375,176.9610595703125,0.10601594287137756,454.7875,99.48957932054202,1,ok,NA,cap_dem_v1
icefall,119,Gernkopf Eisf„lle,47.59382102,12.47591972,DGM_Tirol_5m_epsg31254_2006_2020,5,701.92401123046875,0.2079442646407781,low,0.551488976362672,0.05381684883252048,0,0.3774520556131999,0,0,-24.94015048160645,398.8659138997395,84.197998046875,0.36274068897760375,289.72,0,1,ok,NA,cap_dem_v1
icefall,120,Gorillas im Nebel - Patsch Sd,46.9235225,12.2490558,DGM_Tirol_5m_epsg31254_2006_2020,5,1959.4215087890625,0.32458493690403767,low,0.7553552800386311,0.02140088958192614,0,0.453684445699056,0.4156215176269332,0,-81.37839107268087,544.0589029947914,437.2159423828125,0.49321893163575975,296.6325,6.3392286223563445,1,ok,NA,cap_dem_v1
icefall,121,Grawa Eisfall Stubaital,47.013238,11.189137,DGM_Tirol_5m_epsg31254_2006_2020,5,1514.6739501953125,0.8379314965327733,high,1,0.9182336023680162,0.3104603207072643,0.9752068786621094,1,0.5911680118400807,-170.378449394384,771.3982014973958,94.2659912109375,0.04178199734278122,555.365,300.44464404731025,1,ok,NA,cap_dem_v1
icefall,124,Groáglockner Sdostgrat,47.070033,12.697109,DGM_Tirol_5m_epsg31254_2006_2020,5,3257.159912109375,0.25781833853080427,low,0.27320324151335373,0,0,0.26345018768310546,1,0,-49.99830919670149,228.52851562500015,435.11474609375,0.7572202166064982,133.9025,364.7761138674126,1,ok,NA,cap_dem_v1
icefall,125,Groávenediger SW - Wand,47.1065,12.3425,DGM_Tirol_5m_epsg31254_2006_2020,5,3330.791748046875,0.2192426614924507,low,0.1666688607699047,0.02670226585175357,0,0.1393325322469076,1,0.13351132925876785,-8.175171100753687,135.3158854166668,742.601806640625,0.6970148853905295,155.51,298.48112385042646,1,ok,NA,cap_dem_v1
icefall,126,Grnkar Eisfall,47.1045,11.9963,DGM_Tirol_5m_epsg31254_2006_2020,5,1570.6500244140625,0.6963996009102585,medium,0.9356527273995536,0.7923012196900309,0,0.8902370211283366,0.8725037397907464,0.268123727597401,-127.35321123773316,654.9569091796875,207.717041015625,0.06887031373254543,486.9775,64.65049799242274,1,ok,NA,cap_dem_v1
icefall,127,Gruá in den Himmel - Schwarze Wand Nordostwand,47.104918,12.372436,DGM_Tirol_5m_epsg31254_2006_2020,5,3186.410888671875,0.32938159526491284,low,0.31635672885117083,0.24537909129539456,0,0.25965093485514334,1,0,-49.29733815534837,221.8549479166668,492.144775390625,0.35835870467755326,346.2625,174.40910056594714,1,ok,NA,cap_dem_v1
icefall,128,Gully - Lsens,47.1149029,11.1408768,DGM_Tirol_5m_epsg31254_2006_2020,5,1861.8570556640625,0.6203925674349968,medium,0.9898244163876488,0.4890265555618111,0,0.671198829650879,1,0,-97.69372896866707,692.8770914713541,213.8489990234375,0.17052075116591245,408.81,147.9379387751567,1,ok,NA,cap_dem_v1
icefall,129,Gully,47.0719,11.3267,DGM_Tirol_5m_epsg31254_2006_2020,5,1578.343994140625,0.7491038470149132,high,1,1,0.2862828566810919,0.8782753550211588,0.40070648283680654,1,-189.10831924550848,862.8974283854168,95.8800048828125,0.04648941912446542,544.0625,5.832593763915383,1,ok,NA,cap_dem_v1
icefall,131,H„ngende G„rten - Lsens,47.1139,11.1407,DGM_Tirol_5m_epsg31254_2006_2020,5,1892.5009765625,0.5974573482771203,medium,0.955710007440476,0.44697044462796615,0,0.6452482350667318,1,0,-82.60436141265973,668.9970052083331,236.0849609375,0.18519082279356824,395.645,156.4031903782418,1,ok,NA,cap_dem_v1
icefall,132,Hallensteinfall,47.0527,11.4858,DGM_Tirol_5m_epsg31254_2006_2020,5,1128.6600341796875,0.5652976185280031,medium,0.6122240339006696,0.7557263671875,0.6041950287950623,0.6831400833129884,0,0,-145.3928671658166,428.5568237304687,36.43408203125,0.02909672151565895,544.055,0,1,ok,NA,cap_dem_v1
icefall,133,Harvest & Phreak,47.1125211,10.80486059,DGM_Tirol_5m_epsg31254_2006_2020,5,1234.324951171875,0.61521666262540875,medium,0.9191271042596724,0.7968113451536547,0.2452577958515014,0.8293533401489259,0.08518326719625265,0,-122.34875633843969,643.3889729817706,108.3079833984375,0.04610657864690374,505.7575,0.5045910105215894,1,ok,NA,cap_dem_v1
icefall,134,Hauserrinne,47.53831855,12.6242137,DGM_Tirol_5m_epsg31254_2006_2020,5,1874.4510498046875,0.1788993088083493,low,0.4605055924721667,0,0,0.4251527379353842,0,0,35.408074043037914,344.5945475260419,813.779052734375,0.5925948994774906,239.4525,0,1,ok,NA,cap_dem_v1
icefall,136,Himmelsleiter,46.9941,11.7775,DGM_Tirol_5m_epsg31254_2006_2020,5,3217.135009765625,0.01304013857418092,low,0.02450460184311039,0,0,0.04609325408935549,0,0,79.42451620448583,25.58203125,802.291015625,0.945496615606524,49.895,0,1,ok,NA,cap_dem_v1
icefall,141,Hohe Kirche Nordverschneidung,47.034775,11.609877,DGM_Tirol_5m_epsg31254_2006_2020,5,2205.69189453125,0.3246771056861073,low,0.4689319990994098,0,0,0.38296070607503263,1,0,-63.44095661844722,355.336181640625,620.6878662109375,0.6499051889991557,223.545,165.16515009490396,1,ok,NA,cap_dem_v1
icefall,142,Hoher First Nordwestflanke,46.8295,11.0706,DGM_Tirol_5m_epsg31254_2006_2020,5,2847.410888671875,0.47508480721028257,medium,0.5218424479166671,0.5145668043430713,0,0.6105525436401368,0.8293307506621831,0.4230084379186334,-61.39851041932798,365.28971354166697,376.94677734375,0.25777635986600733,400.955,52.372550231765715,1,ok,NA,cap_dem_v1
icefall,143,Homozack,47.083,12.5253,DGM_Tirol_5m_epsg31254_2006_2020,5,1393.0228271484375,0.6711068166163808,medium,0.9764028552827384,0.724705316676749,0.11039889905804592,0.7553613459269206,0.7363052795057445,0,-117.4150686798987,683.4819986979169,123.7730712890625,0.07758942780045665,487.3725,33.1637758863544,1,ok,NA,cap_dem_v1
icefall,144,Hookuspokus - Kraspestal,47.191333,11.066194,DGM_Tirol_5m_epsg31254_2006_2020,5,2001.7860107421875,0.5695949049487465,medium,0.8141786528087803,0.7380103345797352,0,0.8561639455159505,0.3541537751615,0,-113.1432068774584,569.9250569661463,255.614013671875,0.09557256345669445,498.4275,4.46545473412484,1,ok,NA,cap_dem_v1
icefall,145,Ice patrol - Stinkerf„lle,47.451874,10.899612,DGM_Tirol_5m_epsg31254_2006_2020,5,1340.93603515625,0.26695986307864444,low,0.5421653317268271,0.25034746119444,0,0.4588777656555176,0,0,-111.44263059070022,379.9749755859375,444.31005859375,0.42337953512189386,347.5225,0,1,ok,NA,cap_dem_v1
icefall,146,Iceman - Pinnistal,47.07,11.3266,DGM_Tirol_5m_epsg31254_2006_2020,5,1695.364013671875,0.6203926144413151,medium,1,0.7265301088889431,0,0.8487245178222657,0.40967606363826325,0,-113.53871387678828,813.075927734375,193.60107421875,0.1033158499287286,488.8675,6.132919322358534,1,ok,NA,cap_dem_v1
icefall,147,Innenbanane - Groáglockner,47.070089,12.69519,DGM_Tirol_5m_epsg31254_2006_2020,5,3228.43603515625,0.2769634736527569,low,0.32450453090253156,0,0,0.30558227284749356,1,0,-77.52580981071424,259.7098876953123,400.690673828125,0.6857088122605364,167.3575,363.38411175934584,1,ok,NA,cap_dem_v1
icefall,148,Institutionalized 2023 - Axamer Lizum,47.1824321,11.2931482,DGM_Tirol_5m_epsg31254_2006_2020,5,1959.5179443359375,0.3502834585031552,low,0.5013292061941963,0.5848438200181314,0,0.524934679667155,0,0.48693192751568337,-103.7156104716737,350.9304443359374,380.012939453125,0.2466163852753944,427.9925,0,1,ok,NA,cap_dem_v1
icefall,150,King Kong,47.1189,10.4713,DGM_Tirol_5m_epsg31254_2006_2020,5,1151.6500244140625,0.4642545647119941,medium,0.9326156180245536,0.4259756349784435,0,0.5998089866638184,0.23090268974448017,0,-86.58581119673931,652.8309326171875,275.47900390625,0.20878193241260967,397.04,2.0263610870796778,1,ok,NA,cap_dem_v1
icefall,151,Kitzm”rderfall,47.09875929,10.8103323,DGM_Tirol_5m_epsg31254_2006_2020,5,1565.947998046875,0.4089780250355553,medium,0.9473229027734692,0.12919090356171348,0,0.5,0.4323304896783975,0.09999774999528532,-63.27109507639125,676.3680013020835,354.9820556640625,0.4508420164113634,311.95,6.951546793594302,1,ok,NA,cap_dem_v1
icefall,152,Klettergarten Gully - Oberried,47.07652,10.94865,DGM_Tirol_5m_epsg31254_2006_2020,5,1213.4420166015625,0.4629966203335196,medium,0.9407021695072753,0.21392671904275432,0,0.5437798194885254,0.618482835151556,0.1335543864262031,-89.29094185809049,666.0936116536459,61.0540771484375,0.4081734328833286,327.29,18.416323570518653,1,ok,NA,cap_dem_v1
icefall,153,Salto Kamin- Laserz Nordwand,46.776166,12.81022,DGM_Tirol_5m_epsg31254_2006_2020,5,1820.7845458984375,0.4096888266477115,medium,0.9680271228608632,0.3430134559467797,0,0.5461912129720052,0,0,-167.07557821286375,677.6189860026043,535.231689453125,0.3699474765928294,369.8975,0,1,ok,NA,cap_dem_v1
icefall,154,Kraftwerksfall,47.10711385,11.13799095,DGM_Tirol_5m_epsg31254_2006_2020,5,1948.81005859375,0.6484958894862911,medium,0.9119352446056544,0.6340306284029866,0,0.7466961415608724,1,0,-118.89123442497612,638.3546712239581,255.2330322265625,0.17484153126470506,441.195,225.54382970873291,1,ok,NA,cap_dem_v1
icefall,155,Kronleuchter,47.1189,10.4713,DGM_Tirol_5m_epsg31254_2006_2020,5,1151.6500244140625,0.4642545647119941,medium,0.9326156180245536,0.4259756349784435,0,0.5998089866638184,0.23090268974448017,0,-86.58581119673931,652.8309326171875,275.47900390625,0.20878193241260967,397.04,2.0263610870796778,1,ok,NA,cap_dem_v1
icefall,156,Khtaibacherl - Eisfall,47.2213,10.9276,DGM_Tirol_5m_epsg31254_2006_2020,5,1530.155029296875,0.42647166361586497,medium,0.6622400948660714,0.6325063956340299,0,0.6131061363220215,0.07212747028357602,0,-105.25407526052707,463.5680664062499,239.5120849609375,0.07109342560553633,479.225,0.4132729280339642,1,ok,NA,cap_dem_v1
icefall,157,L„mperJack - Laserz Nordwand L„mperschoá,46.776166,12.81022,DGM_Tirol_5m_epsg31254_2006_2020,5,1820.7845458984375,0.4096888266477115,medium,0.9680271228608632,0.3430134559467797,0,0.5461912129720052,0,0,-167.07557821286375,677.6189860026043,535.231689453125,0.3699474765928294,369.8975,0,1,ok,NA,cap_dem_v1
icefall,158,Last Exit 4146 - Muttenkopf,47.01886327,11.36547232,DGM_Tirol_5m_epsg31254_2006_2020,5,2245.41796875,0.20291641804692723,low,0.3478011935220349,0.02302496768061377,0,0.4420761973063152,0.29265632100211847,0,-154.65356472444364,255.13657226562464,562.3419189453125,0.6112683659416027,267.4275,3.0694929825037893,1,ok,NA,cap_dem_v1
icefall,159,Lasur d`amour - Pinnistal,47.0705,11.3271,DGM_Tirol_5m_epsg31254_2006_2020,5,1644.2769775390625,0.6462921937762831,medium,1,0.7699446727052012,0.05845293352414598,0.875,0.4057695926343574,0,-162.77130355129452,867.1599690755206,147.1019287109375,0.08162135606590046,514.735,6.000530809062827,1,ok,NA,cap_dem_v1
icefall,160,Lavantner Kolmfall,46.778059,12.847744,DGM_Tirol_5m_epsg31254_2006_2020,5,1520.33203125,0.2386762824781331,low,0.7205458342582356,0,0,0.3902654927571615,0,0,-16.55541348163183,537.6500000000001,850.9967041015625,0.595227384404565,243.2375,0,1,ok,NA,cap_dem_v1
icefall,161,Lawinenexpress - Pitztal,47.023063,10.861877,DGM_Tirol_5m_epsg31254_2006_2020,5,1589.010986328125,0.6628158205242136,medium,1,0.5961487046127236,0,0.7585242958068849,1,0,-86.4287139359119,710.037109375,161.123046875,0.16442706891779685,419.075,124.5276571889588,1,ok,NA,cap_dem_v1
icefall,162,Limited in Freedom - Sagwand,47.029066,11.627809,DGM_Tirol_5m_epsg31254_2006_2020,5,2444.173095703125,0.5953156375020089,medium,0.9558098493303572,0.43264162890033464,0,0.6546851196289063,1,0,-179.37729554806538,669.06689453125,590.248046875,0.28018959313589814,393.53,169.7549325021915,1,ok,NA,cap_dem_v1
icefall,163,Linker K”pflalmfall,47.1368,11.9943,DGM_Tirol_5m_epsg31254_2006_2020,5,1191.259033203125,0.7481831547134631,high,1,0.8438519935700945,0.2922401458576587,0.8886537183125814,0.6364937960168039,0.2301989268858351,-160.21536528385627,805.0499267578125,96.1259765625,0.04473966441792077,518.6525,20.168006813890734,1,ok,NA,cap_dem_v1
icefall,164,Linker Kraftwerksfall,47.1078733,11.13876343,DGM_Tirol_5m_epsg31254_2006_2020,5,2031.8380126953125,0.5645025865702346,medium,0.7754983375186008,0.4810573273658531,0,0.6690911356608072,1,0,-37.27574990082985,542.8488362630205,340.0440673828125,0.2545259515570934,392.49,215.04789514262688,1,ok,NA,cap_dem_v1
icefall,165,Linker Westwandfall - Kleiner Magner,47.11124,12.03935,DGM_Tirol_5m_epsg31254_2006_2020,5,1790.926025390625,0.48468479446931256,medium,0.7322269562952429,0.27489582816818403,0,0.6400469182332357,0.912647070789803,0,-55.99070696093713,512.8566731770834,405.612060546875,0.346065751870074,348.8075,78.58806891076605,1,ok,NA,cap_dem_v1
icefall,166,Linker Zwingenfall,47.1045,11.1364,DGM_Tirol_5m_epsg31254_2006_2020,5,2020.093994140625,0.669642007309411,medium,0.9591999162946429,0.6351152534459308,0,0.8070880991617839,1,0,-94.5114081118836,671.43994140625,317.81201171875,0.21054743995183692,450.5425,259.88393170131036,1,ok,NA,cap_dem_v1
icefall,167,Little Joys For Bigger Happiness,47.04916,11.65013,DGM_Tirol_5m_epsg31254_2006_2020,5,3048.251953125,0.09134036308616456,low,0.18354580930741493,0.01007119579256037,0,0.15668734995524097,0.12955339545256395,0.05035597896280186,-15.039590111900909,151.46518554687464,613.8369140625,0.7992706538512107,143.24,0.8613665998813841,1,ok,NA,cap_dem_v1
icefall,168,Lost in Pollywood - Ralfkopf,46.961264,12.711184,DGM_Tirol_5m_epsg31254_2006_2020,5,2510.763916015625,0.4466627288665429,medium,0.6078000023251492,0.3868812298401628,0,0.6466411107381186,0.6733083614299805,0,-159.21882645002552,425.46000162760447,580.83251953125,0.3445917887101686,384.845,24.255548496498857,1,ok,NA,cap_dem_v1
icefall,169,Lsener Fernerkogel Nordwand,47.1002,11.1135,DGM_Tirol_5m_epsg31254_2006_2020,5,2785.69091796875,0.2557849382206765,low,0.3280262788939177,0,0,0.26328362782796233,0.895238828820018,0,15.020307764254085,260.62496744791633,880.3939208984375,0.7535133788636789,173.78,72.21335951175955,1,ok,NA,cap_dem_v1
icefall,170,Luibisbodenfall - Eisprinzessinen Pitztal,47.048409,10.864032,DGM_Tirol_5m_epsg31254_2006_2020,5,1440.008056640625,0.7643516417948094,high,1,0.7254004490714048,0.34170952248443287,0.8725508600870768,0.8918466401134005,0,-132.2006509952057,789.1030924479169,57.256103515625,0.05986726919164308,474.9225,71.03194381893319,1,ok,NA,cap_dem_v1
icefall,171,Mac Mapi - Krinnenspitze,47.47563613,10.58586359,DGM_Tirol_5m_epsg31254_2006_2020,5,1802.053955078125,0.00475201995047067,low,0.00636547955163856,0,0,0.02107100041707358,0,0,51.72513144434879,6.9300537109375,672.7669677734375,0.984534156333038,42.3075,0,1,ok,NA,cap_dem_v1
icefall,172,M„nner im Rcken,47.0718,11.3267,DGM_Tirol_5m_epsg31254_2006_2020,5,1579.5830078125,0.7491157478513581,high,1,0.9982663323196836,0.2876225284005372,0.8789962730407715,0.40116812090142767,0.9913316615984172,-189.92920904488597,867.7323893229168,95.198974609375,0.0467385437282881,543.9325,5.84773733338738,1,ok,NA,cap_dem_v1
icefall,173,M„nner mit Moral - Pinnisalm,47.07412,11.33196,DGM_Tirol_5m_epsg31254_2006_2020,5,1656.4429931640625,0.5958088780794831,medium,1,0.685417927083291,0,0.7892182807922364,0.3738110279321667,0,-140.22694372970454,858.3770263671877,210.93603515625,0.10688803227748674,461.7925,5.0057623114621,1,ok,NA,cap_dem_v1
icefall,174,Marchlehnfall,46.97691444,10.87543488,DGM_Tirol_5m_epsg31254_2006_2020,5,1852.85302734375,0.5562777922621688,medium,0.997853738094644,0.2627811293793242,0,0.6074605026245117,1,0,-60.69964057222819,702.4306477864579,254.2330322265625,0.3093944824627563,345.6125,157.2899960282811,1,ok,NA,cap_dem_v1
icefall,175,Mariafall - Achensee,47.4558,11.698,DGM_Tirol_5m_epsg31254_2006_2020,5,1040.2750244140625,0.3468895588103263,low,0.9259888859614344,0.1609427638916872,0,0.501044308980306,0,0,-108.6529266902337,657.81103515625,111.81304931640624,0.4429329587678086,321.1725,0,1,ok,NA,cap_dem_v1
icefall,176,Mc Drive Eisfall,47.3781,11.8305,DGM_Tirol_5m_epsg31254_2006_2020,5,719.75799560546875,0.2424092314476584,low,0.6738053970974777,0.0161826723393961,0,0.46608142725626633,0,0,-25.16528429404434,485.20808105468745,199.1729736328125,0.4989134948096886,297.0275,0,1,ok,NA,cap_dem_v1
icefall,177,Mitterndorfer Eisfall Kufstein,47.5765,12.1801,DGM_Tirol_5m_epsg31254_2006_2020,5,603.8480224609375,0.3413364855041179,low,0.6348299153645836,0.44255668216946586,0,0.47993224080403646,0,0.6852741430642044,-59.37939811425065,444.3809407552085,126.50201416015624,0.3882100601951152,360.85,0,1,ok,NA,cap_dem_v1
icefall,178,Moonwalk - Hohe Warte,47.0362,11.616,DGM_Tirol_5m_epsg31254_2006_2020,5,1967.3070068359375,0.660488836258176,medium,0.8993971470424107,0.6874360574873637,0,0.7585369008382161,1,0,-150.7310417597032,629.5780029296875,355.5379638671875,0.14553003044561305,473.9575,192.3935508473582,1,ok,NA,cap_dem_v1
icefall,179,Multiple joys,47.09244868,10.81863642,DGM_Tirol_5m_epsg31254_2006_2020,5,1550.6219482421875,0.4595505444001628,medium,0.9905725553407168,0.20549427949763055,0,0.5478482170104981,0.5223773542600083,0,-80.65726650082911,701.6559488932289,297.9249267578125,0.34695995737643665,331.1325,11.246159489736872,1,ok,NA,cap_dem_v1
icefall,181,Nameless - Neurur,47.0260029,10.8609432,DGM_Tirol_5m_epsg31254_2006_2020,5,1639.0260009765625,0.6419451789673146,medium,1,0.5178961843203587,0,0.75,0.9998075525815,0,-67.03634607401455,725.4459228515625,216.72705078125,0.21710790351374917,395.2375,119.88837608014468,1,ok,NA,cap_dem_v1
icefall,182,Irzweg - Irzw„nde,47.2322424,11.0146259,DGM_Tirol_5m_epsg31254_2006_2020,5,2533.406005859375,0.0519014232648068,low,0.14136839142348498,0,0,0.11039550272623704,0,0,12.278008377521928,119.82075195312518,562.0450439453125,0.7448166089965398,125.51,0,1,ok,NA,cap_dem_v1
icefall,183,Notwegfall,46.93893885,10.8984375,DGM_Tirol_5m_epsg31254_2006_2020,5,2163.306884765625,0.667505121012207,medium,0.8839045061383929,0.6988043522390484,0,0.8121860427856445,1,0,-103.2441080813469,618.733154296875,314.618896484375,0.1250103788990064,478.6125,522.8885061701736,1,ok,NA,cap_dem_v1
icefall,184,Oberer Grawa Eisfall Stubaital,47.010992,11.186804,DGM_Tirol_5m_epsg31254_2006_2020,5,1622.0469970703125,0.7265302098611403,high,0.9901081077938982,0.7725046048196081,0,0.9058468780517578,1,0.07961791003029484,-138.38169365088697,693.0756754557287,182.2449951171875,0.07246015763942232,494.15,326.4480528767069,1,ok,NA,cap_dem_v1
icefall,185,Obstanser Wasserfall - Obstanser Eisfall,46.6981105,12.4920904,DGM_Tirol_5m_epsg31254_2006_2020,5,1614.5460205078125,0.5927006365383363,medium,0.9582466866629464,0.8585105762947981,0.03891435870183674,0.8715229937235515,0,0.2925528814739904,-224.50143351271456,670.7726806640626,165.3841552734375,0.06249048456076733,534.535,0,1,ok,NA,cap_dem_v1
icefall,186,Eispark Osttirol,47.1262,12.4787,DGM_Tirol_5m_epsg31254_2006_2020,5,1542.607177734375,0.8321597487919237,high,1,0.9263170183878536,0.4753621153976697,0.8623997675577799,0.8409873732117297,0.631585091939268,-167.81520230153365,716.0236572265626,37.6695556640625,0.04785927325319881,531.885,55.44119464597708,1,ok,NA,cap_dem_v1
icefall,187,Ostwand Couloir - Lsener Fernerkogel,47.10121,11.12906,DGM_Tirol_5m_epsg31254_2006_2020,5,2256.964111328125,0.6173098792112193,medium,1,0.4821601635123576,0,0.6451322555541993,1,0,-92.4152197927824,724.5014811197916,538.5201416015625,0.2832195169202455,400.8825,311.9706119096413,1,ok,NA,cap_dem_v1
icefall,188,Paracelsus,47.1149,11.1405,DGM_Tirol_5m_epsg31254_2006_2020,5,1840.1090087890625,0.6391317188465246,medium,1,0.5401383431290183,0,0.6939808870951335,1,0,-105.5423444513549,701.4560465494787,192.2509765625,0.1378613636678153,426.475,148.81411007367046,1,ok,NA,cap_dem_v1
icefall,189,Pechtl Arena & Zapfen,47.61082877,12.46471882,DGM_Tirol_5m_epsg31254_2006_2020,5,687.8070068359375,0.2902074587041414,low,0.48203991699218735,0.35041682059537416,0,0.5472884953816733,0,0,-19.152238729705687,337.42794189453116,76.29998779296875,0.20142431016464693,379.125,0,1,ok,NA,cap_dem_v1
icefall,190,Pechtl Gully - Erpfendorf,47.61173312,12.46364594,DGM_Tirol_5m_epsg31254_2006_2020,5,666.3900146484375,0.33810008441897776,low,0.5392579985119047,0.4365508085548754,0,0.6276525510152182,0,0,-53.77136038850222,377.4805989583333,55.0460205078125,0.18439681957525136,406.505,0,1,ok,NA,cap_dem_v1
icefall,191,Pendling Eisfall,47.5695,12.1116,DGM_Tirol_5m_epsg31254_2006_2020,5,1272.177978515625,0.05884544120455851,low,0.1647688528309293,0,0,0.11768818664550788,0,0,104.62936499076773,143.60302734375,789.97796630859375,0.8694918069087688,109.745,0,1,ok,NA,cap_dem_v1
icefall,192,Petit Hiking - Groáglockner,47.07086216,12.69000763,DGM_Tirol_5m_epsg31254_2006_2020,5,3232.12646484375,0.2806738470700576,low,0.3382213068593318,0,0,0.30745680236816414,1,0,-53.091879956568846,261.0395019531252,444.7431640625,0.6040953777632937,202.4775,365.5969405981118,1,ok,NA,cap_dem_v1
icefall,193,Pick`n Weed - Maningkogl Nordwand,47.1929,10.9606,DGM_Tirol_5m_epsg31254_2006_2020,5,2584.260009765625,0.07455069205166791,low,0.18495028062525143,0,0,0.1609827779134115,0.02777136805562216,0,0.6525235695348783,155.157958984375,497.570068359375,0.7314484209360901,131.9925,0.14246209313376842,1,ok,NA,cap_dem_v1
icefall,194,Pinzgeralm Eisfall,47.6431,12.4469,DGM_Tirol_5m_epsg31254_2006_2020,5,635.6619873046875,0.5570367963963875,medium,0.7040331217447919,0.6992594722668584,0.5073010533025185,0.698356248219808,0,0,-99.34349487295492,492.8231852213544,37.76397705078125,0.04296112810151806,488.75,0,1,ok,NA,cap_dem_v1
icefall,195,Pitztaler Eisexpress,46.8867,10.8472,DGM_Tirol_5m_epsg31254_2006_2020,5,3444.77294921875,0.01070572996248724,low,0.01734844627817157,0,0,0.04245745595296232,0,0,44.4963930191534,18.38670247395839,684.286865234375,0.8532560183231038,46.985,0,1,ok,NA,cap_dem_v1
icefall,196,Gallyer - Pitztaler Eisrinne,46.98364866,10.8772587,DGM_Tirol_5m_epsg31254_2006_2020,5,1928.0970458984375,0.494712845819249,medium,0.9809037816584564,0.11275754882312944,0,0.47531675465901696,1,0,-101.8241698680804,764.5259033203124,359.445068359375,0.457657495571302,312.835,134.73685738453923,1,ok,NA,cap_dem_v1
icefall,197,"Plan B, Zw”lferkogel Nordwand",47.1925,11.008,DGM_Tirol_5m_epsg31254_2006_2020,5,2582.39599609375,0.10273885770120736,low,0.2268097283639698,0,0,0.1500663604736328,0.15684314359446674,0,47.01618086459166,187.83658854166652,663.10400390625,0.7795761052332943,140.7075,1.1216346761011995,1,ok,NA,cap_dem_v1
icefall,198,Plattkogel Eisfall,47.17873858,10.99179983,DGM_Tirol_5m_epsg31254_2006_2020,5,2342.56298828125,0.3765050462816143,low,0.48333891369047577,0.5234714479194368,0,0.5724036483764648,0.25961272415110964,0,-73.85943247027899,338.33723958333303,273.528076171875,0.13443401122359308,437.6925,2.4731023655391167,1,ok,NA,cap_dem_v1
icefall,199,Point 2598 Diagonale,47.186796,11.034211,DGM_Tirol_5m_epsg31254_2006_2020,5,2396.8349609375,0.4080252255833001,medium,0.5274920247395831,0.5545992954905309,0,0.599121701558431,0.3175609352800463,0,-88.13211558856892,369.2444173177082,89.85986328125,0.14944533255825218,446.4575,3.585759455159395,1,ok,NA,cap_dem_v1
icefall,200,Rabenwand Eisfall,47.0555,11.7575,DGM_Tirol_5m_epsg31254_2006_2020,5,1514.2960205078125,0.5110070043739146,medium,0.9614042274204172,0.20032485199491276,0,0.5771278533935547,0.8933703767403258,0,-59.56484623227948,679.3262125651045,323.1790771484375,0.3325075771205558,331.3075,71.56024675380186,1,ok,NA,cap_dem_v1
icefall,202,Rechte Nordwestwand - Schrammacher,47.04014,11.57676,DGM_Tirol_5m_epsg31254_2006_2020,5,1343.5279541015625,0.8036306673615916,high,0.8392651715959817,0.9467662803906935,0.4985231808907,0.8490196215311686,0.8671014997140506,1,-81.80186500224545,587.4856201171872,39.458984375,0.04338108089405577,497.125,62.97146818843849,1,ok,NA,cap_dem_v1
icefall,203,Rechter Flittneralm Eisfall,47.0456,11.5917,DGM_Tirol_5m_epsg31254_2006_2020,5,1486.885009765625,0.7593809881754867,high,1,0.923591287935042,0.01464167084007613,0.8459599622090658,0.99107225128234,0.7340565785285741,-175.23380970180824,708.3059895833335,152.2769775390625,0.10859214969827824,522.2575,114.92865197621047,1,ok,NA,cap_dem_v1
icefall,204,Rechter und linker Rauchenbichlfall,47.10936,10.80075,DGM_Tirol_5m_epsg31254_2006_2020,5,1374.8289794921875,0.3965241794883733,low,0.7387548246837796,0.3923494124931074,0,0.6315631675720216,0.12675763372232202,0,-54.16809872348403,517.1283772786458,249.72802734375,0.23170621985064607,383.01,0.8365761706193566,1,ok,NA,cap_dem_v1
icefall,205,Rechter Westwandfall - Kleiner Magner,47.1102,12.03933,DGM_Tirol_5m_epsg31254_2006_2020,5,1849.77099609375,0.453722139914454,medium,0.6692975391049538,0.2250990975306366,0,0.6215575116475424,0.9125956933895,0,-16.83478268638214,471.3796874999998,450.7650146484375,0.36019846102745795,337.69,78.5684612043016,1,ok,NA,cap_dem_v1
icefall,206,Reislehn Eisfall,46.98357591,10.87882519,DGM_Tirol_5m_epsg31254_2006_2020,5,2059.760009765625,0.454488902399157,medium,0.9473830510028785,0,0,0.45095426432291674,1,0,-65.82996949748076,684.4752604166665,487.6109619140625,0.5207854750768038,291.465,133.5868074417598,1,ok,NA,cap_dem_v1
icefall,207,Rocket Rustical - Teischnitztal,47.055932,12.6796681,DGM_Tirol_5m_epsg31254_2006_2020,5,2788.817626953125,0.2563371416422744,low,0.304885538614996,0,0,0.20077171325683596,1,0,64.95078756066778,237.7778157552084,549.026123046875,0.6313983018593741,191.56,323.7061113317651,1,ok,NA,cap_dem_v1
icefall,209,Rofelewand Nordwand - Nordwandballett,47.034852,10.823735,DGM_Tirol_5m_epsg31254_2006_2020,5,2823.945068359375,0.18865758516766715,low,0.281467912869158,0,0,0.24639821879069015,0.5422058275451609,0,11.787883084754412,218.597900390625,668.30712890625,0.6320651572187777,195.855,12.46785293306737,1,ok,NA,cap_dem_v1
icefall,210,Rolle Eisfall - Zillertal,47.1118,11.8057,DGM_Tirol_5m_epsg31254_2006_2020,5,995.8599853515624,0.673556391658475,medium,1,0.7492768678925081,0.3374904530294471,0.8590940322875977,0.2658331949087923,0,-147.07911054147053,761.1490478515625,84.2860107421875,0.04383773947818145,490.1225,2.5782731469410023,1,ok,NA,cap_dem_v1
icefall,212,Rumpelstilzchen - Burgschrofen Kraspestal,47.19127272,11.06475592,DGM_Tirol_5m_epsg31254_2006_2020,5,1998.81298828125,0.581210528590439,medium,0.8375900297619046,0.7495918363203755,0,0.8728281860351563,0.3566055610973038,0,-103.31047893603863,586.3130208333332,243.56201171875,0.09095564320808248,505.73,4.530098229617771,1,ok,NA,cap_dem_v1
icefall,213,Russisches Roulette - Kristallwand Nordostwand,47.09641,12.3989,DGM_Tirol_5m_epsg31254_2006_2020,5,2773.56201171875,0.4864724029315875,medium,0.6476950218563986,0.3716455404925101,0,0.544248415629069,1,0,-153.03201868247788,453.386515299479,469.32763671875,0.34220177138112373,384.495,273.77158509574457,1,ok,NA,cap_dem_v1
icefall,214,S„gebach Eisf„lle,46.72005884,12.42527125,DGM_Tirol_5m_epsg31254_2006_2020,5,1677.851806640625,0.45026006067809904,medium,0.7271866280691964,0.681856288745983,0,0.6533288764953613,0,0.2526690690061669,-126.30224460637714,509.0306396484375,228.5185546875,0.19949346416535765,450.41,0,1,ok,NA,cap_dem_v1
icefall,215,Sagf„lle,47.2537,11.6168,DGM_Tirol_5m_epsg31254_2006_2020,5,1062.238037109375,0.5664268392444438,medium,0.8681354341052825,0.8,0.10446102785819383,0.8566718343098959,0,0,-143.98869690795482,607.6948038736978,142.21002197265625,0.06029215364707673,526.6275,0,1,ok,NA,cap_dem_v1
icefall,216,Sagwandspitze - Mittelpfeiler-Couloir,47.0309208,11.6265771,DGM_Tirol_5m_epsg31254_2006_2020,5,2330.6640625,0.6809177911349247,medium,1,0.7144014745982925,0,0.6821161499023438,1,0.7419564088751338,-146.74238784091312,738.89404296875,532.4901123046875,0.2211112648768337,434.6525,204.95005512941736,1,ok,NA,cap_dem_v1
icefall,217,Sagzahnverschneidung - Sagwand,47.027997,11.631448,DGM_Tirol_5m_epsg31254_2006_2020,5,2549.172119140625,0.5673026410187157,medium,0.8252427455357143,0.4609896843838755,0,0.6382968902587891,1,0,-194.84510579555857,577.669921875,604.2410888671875,0.2824450195839619,397.5075,137.11974446897884,1,ok,NA,cap_dem_v1
icefall,218,Schall und Rauch - Kraspestal,47.19127272,11.06475592,DGM_Tirol_5m_epsg31254_2006_2020,5,1998.81298828125,0.581210528590439,medium,0.8375900297619046,0.7495918363203755,0,0.8728281860351563,0.3566055610973038,0,-103.31047893603863,586.3130208333332,243.56201171875,0.09095564320808248,505.73,4.530098229617771,1,ok,NA,cap_dem_v1
icefall,219,Schattseitfall,47.1246,11.9991,DGM_Tirol_5m_epsg31254_2006_2020,5,1433.427978515625,0.5564742773987127,medium,0.970799618675595,0.43084955444095574,0,0.6572186482747396,0.7165279125224273,0,-100.25418673057152,679.5597330729165,301.989990234375,0.24697269544278225,383.525,30.072332361011593,1,ok,NA,cap_dem_v1
icefall,220,Scheisskluppenfall,47.1976,11.1273,DGM_Tirol_5m_epsg31254_2006_2020,5,1595.9849853515625,0.4151336270867408,medium,0.9106289643787204,0.30322554989361317,0,0.5829649721781414,0.16150168461290795,0.0339162713094433,-45.79488049975339,637.4402750651043,343.7120361328125,0.28022749759563825,354.75,1.169568396536101,1,ok,NA,cap_dem_v1
icefall,221,Schildalm Eisfall,47.10192186,12.50621796,DGM_Tirol_5m_epsg31254_2006_2020,5,1504.542724609375,0.7823242934895799,high,1,0.9271557006755048,0.3375124321332705,0.8562512957255046,0.6973012502348259,0.6497436583682874,-151.68604527647358,700.2974609375001,99.5277099609375,0.0294064735756888,509.485,27.33536704510929,1,ok,NA,cap_dem_v1
icefall,222,Schitter Eisfall - Neustift Stubaital,47.10213389,11.30815029,DGM_Tirol_5m_epsg31254_2006_2020,5,1188.343017578125,0.37191974239824266,low,0.878479635352763,0.14894370931035836,0,0.49514969380696616,0.27194301440944907,0,-69.79194539571904,625.0006510416665,215.2740478515625,0.4467348958225212,318.3875,2.6846728300246343,1,ok,NA,cap_dem_v1
icefall,223,Schleicherlaufen,47.11507,11.14059,DGM_Tirol_5m_epsg31254_2006_2020,5,1850.116943359375,0.6261166589044942,medium,0.988657691592262,0.5062635918528631,0,0.6825755869547526,1,0,-95.16764227737826,692.0603841145835,202.91796875,0.15471000954871922,416.1625,147.30390595556543,1,ok,NA,cap_dem_v1
icefall,224,Schneelehnfall,46.95400485,10.88491917,DGM_Tirol_5m_epsg31254_2006_2020,5,1886.280029296875,0.6604208894802592,medium,0.9131361839657736,0.669137367241396,0,0.765683344523112,1,0.0133594487837888,-87.42138796070435,639.1953287760416,199.0419921875,0.14903423600489976,450.5,322.6516835079475,1,ok,NA,cap_dem_v1
icefall,225,Schneewittchen,47.0162756,11.19532585,DGM_Tirol_5m_epsg31254_2006_2020,5,1491.0350341796875,0.8243179020788493,high,1,0.9143211128497868,0.27728421060246,0.9352052116394044,1,0.571605564248933,-170.20081089180485,817.9215413411457,98.010986328125,0.04694949383117557,539.8,249.4637439352395,1,ok,NA,cap_dem_v1
icefall,227,Schrammacher Diagonale,47.02895,11.63195,DGM_Tirol_5m_epsg31254_2006_2020,5,2476.64794921875,0.6288026965182125,medium,0.9201785714285714,0.5864183413532631,0,0.6810231221516927,1,0,-208.8606023284856,644.125,547.594970703125,0.23677126941839943,428.0425,166.6127746386866,1,ok,NA,cap_dem_v1
icefall,228,Schrammacher Nordwand Direttissima,47.03742457,11.64965208,DGM_Tirol_5m_epsg31254_2006_2020,5,2958.152099609375,0.1494794204583082,low,0.15043535255922494,0.10035144891697406,0,0.19013263448079432,0.3884188327809287,0.5017572445848703,136.7190363979439,131.15546875000018,690.9091796875,0.7609031088477266,109.5675,5.441589754766796,1,ok,NA,cap_dem_v1
icefall,229,Schrankogel Nordost-Flanke,47.045,11.1021,DGM_Tirol_5m_epsg31254_2006_2020,5,3267.388916015625,0.00121255195686504,low,0,0,0,0.00252199300130208,0.00556168671113154,0,103.55166496090078,-45.12442220052071,838.2578125,0.9720874878047092,21.0975,0.0270315844332702,1,ok,NA,cap_dem_v1
icefall,230,Schwarze Wand Nordostwand Eisschlucht,47.1057457,12.3712635,DGM_Tirol_5m_epsg31254_2006_2020,5,3184.843994140625,0.36368173935173287,low,0.32842973400297587,0.35597536366274474,0,0.28386976623535154,1,0.3491890479728006,-52.05511247139884,229.90081380208312,463.9619140625,0.3368693473943521,360.6725,182.080400405269,1,ok,NA,cap_dem_v1
icefall,231,Schwarze Witwe,47.04742,11.61647,DGM_Tirol_5m_epsg31254_2006_2020,5,2025.5830078125,0.4796171706849591,medium,0.6183055710565473,0.3560359434093634,0,0.5735452804565431,1,0,6.1325136806106,432.8138997395831,477.927001953125,0.2674056545024287,374.92,199.2672523505142,1,ok,NA,cap_dem_v1
icefall,232,Schwerer als ein lockerer Arch - Beilfall Groáen Tr”gler,47.0006227,11.1519643,DGM_Tirol_5m_epsg31254_2006_2020,5,2212.35205078125,0.5059674644549956,medium,0.7062893880208334,0.3539482722283482,0,0.6060536626180013,1,0,-7.294297965179794,494.4025716145834,499.0770263671875,0.2569374282036732,385.13,562.1933387527065,1,ok,NA,cap_dem_v1
icefall,233,Seebenseefall,47.3747,10.9414,DGM_Tirol_5m_epsg31254_2006_2020,5,1409.14599609375,0.45590187877562593,medium,0.9390803803943456,0.48881990661977937,0,0.6595120468139648,0,0,-115.04991997089178,657.3562662760419,316.3740234375,0.3342191219620218,401.79,0,1,ok,NA,cap_dem_v1
icefall,234,Seirl”cherkogel Eisfall - Pitztal,47.0319389,10.8629323,DGM_Tirol_5m_epsg31254_2006_2020,5,1497.635986328125,0.7315242358487374,high,1,0.7744672171849544,0.06592232114717989,0.8685837427775065,0.9629027060429116,0.3830862229500047,-132.82255762682462,768.493408203125,86.9150390625,0.1047029840004429,463.8625,100.27906170330624,1,ok,NA,cap_dem_v1
icefall,235,Seirl”cherkogelfall,47.03880402,10.85972786,DGM_Tirol_5m_epsg31254_2006_2020,5,1626.47900390625,0.5743504501670922,medium,0.933952566964286,0.3832964834747039,0,0.697887129465739,0.935700787583226,0,-60.0269512388561,653.7667968750002,227.885986328125,0.24652765763084863,370.7775,87.89225253184932,1,ok,NA,cap_dem_v1
icefall,236,Serfauserfeld Eisfall,47.047,10.6316,DGM_Tirol_5m_epsg31254_2006_2020,5,1010.0640258789064,0.3017773218564735,low,0.5697957066127232,0.3395073254725946,0,0.49634375890096033,0,0,-91.09109622708615,398.85699462890625,135.21002197265625,0.31921341784063545,363.6775,0,1,ok,NA,cap_dem_v1
icefall,237,Shameless - Neurur,47.0260029,10.8609432,DGM_Tirol_5m_epsg31254_2006_2020,5,1639.0260009765625,0.6419451789673146,medium,1,0.5178961843203587,0,0.75,0.9998075525815,0,-67.03634607401455,725.4459228515625,216.72705078125,0.21710790351374917,395.2375,119.88837608014468,1,ok,NA,cap_dem_v1
icefall,239,Sintflut - Niederer Prijakt Nordwand,46.91594,12.70626,DGM_Tirol_5m_epsg31254_2006_2020,5,2575.431396484375,0.1955682988059889,low,0.3382126527564757,0.00783164588493226,0,0.31673307545979823,0.41031508551111434,0,-77.40009695272784,248.8892578125001,541.583740234375,0.510053693504193,262.725,6.1548125042614705,1,ok,NA,cap_dem_v1
icefall,240,Sonnenk”nig - Patsch Sd,46.92355,12.250045,DGM_Tirol_5m_epsg31254_2006_2020,5,2017.5369873046875,0.29281917959640297,low,0.6671129231721881,0,0,0.4304669443766277,0.40980604764574546,0,-31.274054376878667,484.8293863932294,498.3502197265625,0.5146113444651272,281.875,6.137367199809175,1,ok,NA,cap_dem_v1
icefall,241,Spannagel Gully,47.07597,11.6631759,DGM_Tirol_5m_epsg31254_2006_2020,5,2616.550048828125,0.358513286886899,low,0.4421820760452999,0.17689229647788207,0,0.35829795837402345,1,0.8844614823894102,16.46134594898058,322.6236979166665,563.068115234375,0.4756513615445832,275.685,153.9050413381676,1,ok,NA,cap_dem_v1
icefall,242,Spinnenbein,47.010683,10.69719672,DGM_Tirol_5m_epsg31254_2006_2020,5,2090.383056640625,0.5557185552714906,medium,0.8361506463913688,0.7737782546612202,0,0.7766902338663738,0.2448852995225825,0.21684738188868824,-143.64224923893516,585.3054524739582,243.3341064453125,0.11467264561578332,495.385,2.2362608483243545,1,ok,NA,cap_dem_v1
icefall,243,Stalingrad - Grubenkarspitze,47.382133,11.529989,DGM_Tirol_5m_epsg31254_2006_2020,5,1646.708984375,0.5178331964724481,medium,1,0.615062004944968,0,0.7604513015747071,0,0,-274.2100656716625,793.361083984375,319.8790283203125,0.18667395546452248,435.1875,0,1,ok,NA,cap_dem_v1
icefall,244,Stalingrad - Haidachstellwand NO-Wand,47.44474248,11.78511143,DGM_Tirol_5m_epsg31254_2006_2020,5,1823.5040283203125,0.26755030378693156,low,0.42490947033110127,0.3796530286911368,0,0.4427311935424806,0,0.46470868031090373,-52.796342785026354,297.4366292317709,639.3720703125,0.3672763257143253,353.9375,0,1,ok,NA,cap_dem_v1
icefall,245,Steinwandfall,47.08329,12.52526,DGM_Tirol_5m_epsg31254_2006_2020,5,1396.2705078125,0.6673002947498763,medium,0.9691177455357144,0.7215412467925164,0.10351966576708818,0.7547177035013836,0.7381597199279559,0,-113.95593042385326,678.3824218750001,126.586669921875,0.07813732681900597,486.9075,33.46896679247271,1,ok,NA,cap_dem_v1
icefall,246,Stirb langsam - Seebenw„nde,47.3745,10.9419,DGM_Tirol_5m_epsg31254_2006_2020,5,1406.7459716796875,0.46768250979505493,medium,0.9593826148623514,0.5140824066176731,0,0.6621083628336588,0,0,-129.41863642765406,671.567830403646,310.906005859375,0.3278154174077329,408.29,0,1,ok,NA,cap_dem_v1
icefall,247,Strublb„da - Kraspestal,47.191333,11.066194,DGM_Tirol_5m_epsg31254_2006_2020,5,2001.7860107421875,0.5695949049487465,medium,0.8141786528087803,0.7380103345797352,0,0.8561639455159505,0.3541537751615,0,-113.1432068774584,569.9250569661463,255.614013671875,0.09557256345669445,498.4275,4.46545473412484,1,ok,NA,cap_dem_v1
icefall,248,Bachfalle,47.0236,10.8712,DGM_Tirol_5m_epsg31254_2006_2020,5,1648.3270263671875,0.6333918156794807,medium,1,0.5135663425744235,0,0.7164156634012858,0.9835858701712132,0,-86.94498311844222,736.4710693359375,222.3560791015625,0.21882935807748463,396.435,110.84028390219076,1,ok,NA,cap_dem_v1
icefall,250,Sulzenauer Eisfall,46.99876105,11.18416786,DGM_Tirol_5m_epsg31254_2006_2020,5,1903.593994140625,0.7221826006989157,high,0.9115385742187496,0.842990339319101,0,0.8903358154296875,1,0.25886221329431736,-185.61622290468176,638.0770019531246,296.2989501953125,0.07240639490622189,532.42,401.46572686128314,1,ok,NA,cap_dem_v1
icefall,251,Sunblocker 2,47.0453,11.5904,DGM_Tirol_5m_epsg31254_2006_2020,5,1474.3360595703125,0.7290838889078276,high,1,0.8265197049751155,0.0016279407405235,0.8310314000447592,0.9831577633948678,0.298246843688151,-172.71633274708074,711.3196533203127,146.696044921875,0.118944163841417,515.3875,110.61089900559897,1,ok,NA,cap_dem_v1
icefall,252,Sunblocker,47.0453,11.5895,DGM_Tirol_5m_epsg31254_2006_2020,5,1479.5419921875,0.7063148469805174,high,1,0.7485786192504293,0,0.8172577247619629,0.977210223024104,0,-162.72315050855264,707.861165364583,155.1739501953125,0.1322177932790788,505.06,107.4723767759198,1,ok,NA,cap_dem_v1
icefall,253,Sunday Explorer,46.957971,10.882287,DGM_Tirol_5m_epsg31254_2006_2020,5,1989.41796875,0.4561288940578808,medium,0.7631410367440522,0.16101526061784235,0,0.5005987981160482,1,0,-0.02355799328370267,541.8634684244789,315.4349365234375,0.3670160871821484,322.075,279.62875917248846,1,ok,NA,cap_dem_v1
icefall,254,Sundays for future - Gl”dis,46.962661,12.723854,DGM_Tirol_5m_epsg31254_2006_2020,5,2887.3173828125,0.10600954454144376,low,0.01898930648060562,0.08938210980592831,0,0.01551201629638677,0.5105992535023484,0.4469105490296416,83.74761840385509,19.93021647135447,748.8193359375,0.8613370060974344,48.8425,10.573604978987785,1,ok,NA,cap_dem_v1
icefall,255,Tabernakel - Laserz Nordwand,46.776166,12.81022,DGM_Tirol_5m_epsg31254_2006_2020,5,1820.7845458984375,0.4096888266477115,medium,0.9680271228608632,0.3430134559467797,0,0.5461912129720052,0,0,-167.07557821286375,677.6189860026043,535.231689453125,0.3699474765928294,369.8975,0,1,ok,NA,cap_dem_v1
icefall,256,Taschach-Eiswand,46.8965,10.8318,DGM_Tirol_5m_epsg31254_2006_2020,5,2779.501953125,0.49865525795935306,medium,0.7761145600818457,0.290425378921094,0,0.5468018213907878,1,0,-55.84540494341718,543.280192057292,509.97607421875,0.2738400858042418,358.3025,502.04180616099126,1,ok,NA,cap_dem_v1
icefall,257,Terra Promessa - Laserz Nordwand,46.776166,12.81022,DGM_Tirol_5m_epsg31254_2006_2020,5,1820.7845458984375,0.4096888266477115,medium,0.9680271228608632,0.3430134559467797,0,0.5461912129720052,0,0,-167.07557821286375,677.6189860026043,535.231689453125,0.3699474765928294,369.8975,0,1,ok,NA,cap_dem_v1
icefall,258,Teufelskralle,47.009,10.6956,DGM_Tirol_5m_epsg31254_2006_2020,5,2121.02392578125,0.5251698873607257,medium,0.8131280110677082,0.6988089196540945,0,0.746373654683431,0.2348640431850687,0,-114.5522995499482,569.1896077473957,275.47998046875,0.1309813743669222,478.24,2.084404962282046,1,ok,NA,cap_dem_v1
icefall,259,The Big Corner - Sulzkogel Westschulter,47.182479,11.00152,DGM_Tirol_5m_epsg31254_2006_2020,5,2551.806884765625,0.17060990274089705,low,0.3669654683157257,0.02177887671045645,0,0.3080959014892579,0.18139620840641876,0,3.876934484026606,268.0355468749999,507.9378662109375,0.45588041936265183,274,1.386763397788056,1,ok,NA,cap_dem_v1
icefall,260,The Great Roof,47.11233503,10.8053112,DGM_Tirol_5m_epsg31254_2006_2020,5,1206.989013671875,0.6784054937348589,medium,0.9607295386904762,0.8390645690735545,0.43509865901989575,0.8568128840128582,0.08610201591962259,0.1953228453677723,-151.72817194262257,672.5106770833333,78.7349853515625,0.02719271539675071,539.555,0.5112350552580853,1,ok,NA,cap_dem_v1
icefall,261,The Icefactor - Westlicher Geierkopf Nordwand,47.5189,10.8657,DGM_Tirol_5m_epsg31254_2006_2020,5,1727.5860595703125,0.1280326771901798,low,0.3154787197775648,0,0,0.32775331497192395,0,0,-94.02474553874912,241.9542073567709,627.5140380859375,0.7444330653085515,209.445,0,1,ok,NA,cap_dem_v1
icefall,262,The Wind Corner,47.00838964,10.69394588,DGM_Tirol_5m_epsg31254_2006_2020,5,2127.616943359375,0.5210105987941135,medium,0.7678335425967258,0.7339150022773195,0,0.7403126118977865,0.2301771386062281,0.27074841365940794,-108.92352090187704,537.483479817708,287.9468994140625,0.13954984812736546,466.2225,2.0158488870893505,1,ok,NA,cap_dem_v1
icefall,263,Thriller - Hohe Warte,47.033896,11.617838,DGM_Tirol_5m_epsg31254_2006_2020,5,2174.030029296875,0.5400640898882202,medium,0.7637486049107143,0.43290453503767434,0,0.6060053660074871,1,0,-97.14772614740468,534.6240234375,517.5250244140625,0.23181355826650152,405.94,193.4442516034877,1,ok,NA,cap_dem_v1
icefall,264,Tr„nen der Sehnsucht,46.983,10.8795,DGM_Tirol_5m_epsg31254_2006_2020,5,2070.114990234375,0.4713033012532917,medium,0.9719040239264388,0.03930817705840792,0,0.4566683400472006,1,0,-98.16383071999417,699.0006103515625,489.83203125,0.5204004677197279,299.145,135.00606301143577,1,ok,NA,cap_dem_v1
icefall,265,Tristenkopf - Nordrinne,47.3306701,11.9578378,DGM_Tirol_5m_epsg31254_2006_2020,5,2179.532958984375,0.00134334182739257,low,0,0,0,0.00895561218261718,0,0,287.30932036458626,-62.31630859374991,792.8349609375,0.9008891810538698,22.7025,0,1,ok,NA,cap_dem_v1
icefall,266,"Urfall direct ""Eierpecker""",47.0049,11.2253,DGM_Tirol_5m_epsg31254_2006_2020,5,1794.0479736328125,0.7159657040395635,high,0.99705023484003,0.742473833149279,0,0.8738979136149089,1,0,-136.9173226321302,697.9351643880209,240.3819580078125,0.109883950258465,507.6875,157.2650384346265,1,ok,NA,cap_dem_v1
icefall,267,Urfall,47.005,11.2257,DGM_Tirol_5m_epsg31254_2006_2020,5,1740.885009765625,0.7423094899414627,high,1,0.8272415913576475,0,0.9033272806803384,1,0.2579462355007227,-185.78696165334668,744.18408203125,187.3699951171875,0.0934461736476808,526.4175,155.35648001977805,1,ok,NA,cap_dem_v1
icefall,268,Via Margit,47.12452739,11.99958086,DGM_Tirol_5m_epsg31254_2006_2020,5,1426.3289794921875,0.5616978434600806,medium,0.9627586146763392,0.4486430982832627,0,0.6747167689005534,0.7175993325673133,0,-93.11896316789012,673.9310302734375,293.626953125,0.22925951557093427,387.7825,30.23240240886564,1,ok,NA,cap_dem_v1
icefall,269,Victimes des ‚tique(ttes) - Lsens,47.1139,11.1407,DGM_Tirol_5m_epsg31254_2006_2020,5,1892.5009765625,0.5974573482771203,medium,0.955710007440476,0.44697044462796615,0,0.6452482350667318,1,0,-82.60436141265973,668.9970052083331,236.0849609375,0.18519082279356824,395.645,156.4031903782418,1,ok,NA,cap_dem_v1
icefall,270,Vordere Reiselehn Eisfall,46.98398579,10.87792397,DGM_Tirol_5m_epsg31254_2006_2020,5,1990.7120361328125,0.47493746832590333,medium,0.9746130317050984,0.04858823472595631,0,0.4609143447875976,1,0,-78.00526322525593,722.236287434896,422.2200927734375,0.496508674680452,301.475,133.16834138757304,1,ok,NA,cap_dem_v1
icefall,271,Vorderer Brunnenkogel Nordwand,47.08481647,11.0951272,DGM_Tirol_5m_epsg31254_2006_2020,5,2538.574951171875,0.6690097429523274,medium,0.7893075241815476,0.8427454643513949,0,0.7399766387939454,1,0.8565334163387468,-88.17605014492119,552.5152669270833,291.076904296875,0.142834408125986,474.985,302.9164679612396,1,ok,NA,cap_dem_v1
icefall,272,Vorderer Brunnenkogel Nordwestpfeiler,47.0843,11.1024,DGM_Tirol_5m_epsg31254_2006_2020,5,2837.6279296875,0.30484623248184095,low,0.3897386772293161,0.07103527310889188,0,0.3633501892089844,0.9010014434396084,0,-6.804208272064443,279.8817871093752,570.469970703125,0.4071726600286464,301.7325,74.26492358380219,1,ok,NA,cap_dem_v1
icefall,273,Vorhang Pinnistal,47.0717,11.3288,DGM_Tirol_5m_epsg31254_2006_2020,5,1692.41796875,0.6044434623085116,medium,1,0.6902167094990439,0,0.8178065694173178,0.39478866347435304,0,-120.79619379849623,835.8784993489585,212.5770263671875,0.11526085241545392,466.285,5.641406343613144,1,ok,NA,cap_dem_v1
icefall,274,Walk the Line - Zw”lferkogel Nordwestwand,47.19017909,11.00117683,DGM_Tirol_5m_epsg31254_2006_2020,5,2497.235107421875,0.1581926154311939,low,0.3532406015193354,0,0,0.27520639292399085,0.1906767074184095,0,93.2839340847072,275.39990234375,534.048095703125,0.6069703721129762,191.89,1.4953913003219592,1,ok,NA,cap_dem_v1
icefall,275,Warnschuss,47.45677142,10.51410913,DGM_Tirol_5m_epsg31254_2006_2020,5,1472.8690185546875,0.3792495764770856,low,0.6349557059151786,0.48184756978076126,0,0.6669917170206706,0,0,-114.58400452880096,444.468994140625,308.467041015625,0.301608940867098,402.96,0,1,ok,NA,cap_dem_v1
icefall,276,Wasserfall - Nasse Wand,47.454348,11.987379,DGM_Tirol_5m_epsg31254_2006_2020,5,570.4949951171875,0.4468495999149805,medium,0.6356655505952381,0.720409250965929,0,0.7188726634979249,0,0,-200.3459070231196,444.96588541666665,55.61798095703125,0.20166625148772457,501.085,0,1,ok,NA,cap_dem_v1
icefall,277,Wechnerwand Nordwand - Plan W,47.1874,10.97087,DGM_Tirol_5m_epsg31254_2006_2020,5,2478.0849609375,0.1860949327267419,low,0.37871284085405155,0.05258310247528785,0,0.3661099751790365,0.15569633745034409,0,-53.63056834366989,275.6084147135416,381.801025390625,0.4887650946334037,279.705,1.1099980496021975,1,ok,NA,cap_dem_v1
icefall,278,Weiábachgraben Eisf„lle,47.57720654,12.62947083,DGM_Tirol_5m_epsg31254_2006_2020,5,819.5269775390625,0.34311734167552593,low,0.6257143438430061,0.4292259026045811,0,0.5292152004241943,0,0,-83.03046466857347,438.00004069010424,89.41900634765625,0.21351377530546445,397.4025,0,1,ok,NA,cap_dem_v1
icefall,282,Westl. Marzell Spitze Nordwestwand,46.76998362,10.88925362,DGM_Tirol_5m_epsg31254_2006_2020,5,3191.680908203125,0.15616369563487856,low,0.29665189373881273,0.12440202380253812,0,0.2572347793579102,0.08209999563902877,0,-30.69804945022588,212.64168294270803,449.2099609375,0.38263712770639896,304.9375,0.4825067172070692,1,ok,NA,cap_dem_v1
icefall,283,Westwandrinne,47.0038,11.8422,DGM_Tirol_5m_epsg31254_2006_2020,5,3050.22705078125,0.00566535525225433,low,0,0,0,0.00702838389078776,0.03074065112424114,0,91.4742633044916,-6.016666666666424,665.60498046875,0.9488242763231914,27.225,0.15884720712931336,1,ok,NA,cap_dem_v1
icefall,284,White gold - Gl”dis,46.962661,12.723854,DGM_Tirol_5m_epsg31254_2006_2020,5,2887.3173828125,0.10600954454144376,low,0.01898930648060562,0.08938210980592831,0,0.01551201629638677,0.5105992535023484,0.4469105490296416,83.74761840385509,19.93021647135447,748.8193359375,0.8613370060974344,48.8425,10.573604978987785,1,ok,NA,cap_dem_v1
icefall,287,Wildspitze Nordwestgrat,46.8914,10.8643,DGM_Tirol_5m_epsg31254_2006_2020,5,3385.56005859375,0.07557878717824072,low,0.1947212934273183,0,0,0.17932309214274095,0,0,-12.050131776166836,152.1218180338542,460.85205078125,0.649376258380555,189.835,0,1,ok,NA,cap_dem_v1
icefall,288,Wildspitze Sdcouloir,46.8797,10.8669,DGM_Tirol_5m_epsg31254_2006_2020,5,3223.489990234375,0.22132950962249137,low,0.4333159008864496,0.1259035722437411,0,0.40334840647379566,0.1401492024591622,0.06654723015114272,-61.38532048044135,310.3560465494793,443.260986328125,0.40587742788145503,306.335,0.9583968798613998,1,ok,NA,cap_dem_v1
icefall,289,Wind of Change - Zw”lferkogel Nordwand,47.1925,11.008,DGM_Tirol_5m_epsg31254_2006_2020,5,2582.39599609375,0.10273885770120736,low,0.2268097283639698,0,0,0.1500663604736328,0.15684314359446674,0,47.01618086459166,187.83658854166652,663.10400390625,0.7795761052332943,140.7075,1.1216346761011995,1,ok,NA,cap_dem_v1
icefall,290,Winter-Variante am Fuástein,47.0472224,11.6421466,DGM_Tirol_5m_epsg31254_2006_2020,5,2733.677978515625,0.3302229669302743,low,0.526204701108325,0,0,0.3865756047566732,0.937903006264614,0,-73.51114524343348,388.2694335937499,548.531005859375,0.5287434265153612,258.825,88.83605249021271,1,ok,NA,cap_dem_v1
icefall,291,Wde Henn,47.47192315,12.06401825,DGM_Tirol_5m_epsg31254_2006_2020,5,846.85302734375,0.1139504596899758,low,0.3204388764185946,0,0,0.22560493723551436,0,0,49.72591733606521,246.0946126302083,347.35003662109375,0.5697856263061019,207.9125,0,1,ok,NA,cap_dem_v1
icefall,292,Wunschkonzert - Rosshag Eisfall,47.0841,11.7645,DGM_Tirol_5m_epsg31254_2006_2020,5,1183.2939453125,0.663519218791879,medium,1,0.7486671222580947,0.03562491923284008,0.7864784317016602,0.6750379308369221,0.21075650430421267,-152.21611895130445,825.7897013346351,144.3118896484375,0.09843824601949944,466.8525,24.46590571168956,1,ok,NA,cap_dem_v1
icefall,293,Xice - Niederer Prijakt Westwand,46.91358,12.70585,DGM_Tirol_5m_epsg31254_2006_2020,5,2727.3193359375,0.06663952987361321,low,0.08411862848412892,0.00813127738461492,0,0.07239358011881517,0.2181201092573665,0.0406563869230746,41.51953442692684,77.16316731770803,643.17529296875,0.8354622197619707,86.5625,1.846409449641203,1,ok,NA,cap_dem_v1
icefall,294,Zedlacher Eisfall - Tauerntal,47.02621,12.51287,DGM_Tirol_5m_epsg31254_2006_2020,5,1354.2489013671875,0.4792276848153378,medium,1,0.3515356769506105,0,0.5759918937683106,0.36629987674959064,0,-69.07530709437378,739.1250813802085,407.12701416015625,0.29563352017161443,369.43,4.793273399291541,1,ok,NA,cap_dem_v1
icefall,295,Zemmschlucht Eisfall,47.1405,11.8232,DGM_Tirol_5m_epsg31254_2006_2020,5,809.81298828125,0.5744583043765876,medium,1,0.8,0.05317741856567733,0.7588188044230144,0,0,-199.12303620295847,762.5277750651042,157.3089599609375,0.06937948022473776,532.5675,0,1,ok,NA,cap_dem_v1
icefall,296,Zemmschlucht Eisschild,47.1429,11.8299,DGM_Tirol_5m_epsg31254_2006_2020,5,765.36798095703125,0.5922816277180598,medium,0.988414591471354,0.7939337890625,0.14664619826996644,0.7824352862040203,0,0,-228.42027485941185,691.8902140299479,120.59698486328124,0.06667681639827547,533.83,0,1,ok,NA,cap_dem_v1
icefall,298,Zwingenfall,47.10414171,11.13586664,DGM_Tirol_5m_epsg31254_2006_2020,5,2017.9940185546875,0.6787651295866509,medium,0.9867576148623513,0.645237481426147,0,0.8051090367635091,1,0,-99.5282563855758,690.7303304036459,314.3560791015625,0.2043427416843693,456.3025,265.6769819527744,1,ok,NA,cap_dem_v1
icefall,299,Nordwandprinzessin - Zw”lferkogel Nordwand,47.19047073,11.00349426,DGM_Tirol_5m_epsg31254_2006_2020,5,2640.342041015625,0.07954595742262592,low,0.16335175549399605,0,0,0.13659979756673182,0.12145365942744756,0,163.84223468347818,140.96736653645848,686.007080078125,0.7793708568028012,115.0475,0.7904487944983227,1,ok,NA,cap_dem_v1
icefall,319,Anderl-Lindner-Gedenkweg - Aggenstein Ostgipfel Nordwand,47.53732544,10.56064478,DGM_Tirol_5m_epsg31254_2006_2020,5,1792.136962890625,0,low,0,0,0,0,0,0,89.82322643387238,-25.173795572916788,634.1510009765625,0.9428729894620078,17.1325,0,1,ok,NA,cap_dem_v1
icefall,335,Backline - Hochgall Nordwand,46.917701,12.147701,DGM_Tirol_5m_epsg31254_2006_2020,5,2991.92041015625,0.0713219315368641,low,0.1933414141967728,0,0,0.15324385325113937,0,0,-57.10688553483351,177.5273600260416,445.37548828125,0.88409139505758,86.1825,0,1,ok,NA,cap_dem_v1
icefall,336,Bärenköpfe Ostrinne,47.1448,12.5255,DGM_Tirol_5m_epsg31254_2006_2020,5,2612.440673828125,0.14440046055170408,low,0.1913766652092268,0,0,0.10438119761149092,0.539327430717825,0,27.11965239069741,160.42421875000036,369.4111328125,0.5850279042914875,132.5,12.283217458665094,1,ok,NA,cap_dem_v1
icefall,343,Berglerrinne - Großglockner,47.0776,12.6972,DGM_Tirol_5m_epsg31254_2006_2020,5,3184.847412109375,0.47566804151201447,medium,0.49525246840905135,0.530776789924163,0,0.461071512858073,1,0,-230.42863351951885,366.3868570963541,178.28271484375,0.22084814824427085,255.0825,475.3177108433188,1,ok,NA,cap_dem_v1
icefall,348,Bonanza - Thiersee,47.584595,12.1215531,DGM_Tirol_5m_epsg31254_2006_2020,5,636.6719970703125,0.4160395848921945,medium,0.45778145926339286,0.5476086456739304,0.4951173362695122,0.4377906093597412,0,0.22208258801431568,-70.90796443041211,320.447021484375,74.33502197265625,0.01878827722224144,412.7075,0,1,ok,NA,cap_dem_v1
icefall,387,Der gespaltene König - Pflerscher Tribulaun Südwand,46.98350595,11.33628379,DGM_Tirol_5m_epsg31254_2006_2020,5,2521.587890625,0.17524628424665706,low,0.32152728301952405,0,0,0.32120806630452475,0.3112216903073156,0,-92.82361434330733,263.336181640625,475.5859375,0.5656308908482821,148.7725,3.4484425224495454,1,ok,NA,cap_dem_v1
icefall,388,Der gespaltene König - Pflerscher Tribulaun Südwand,46.9836,11.3361,DGM_Tirol_5m_epsg31254_2006_2020,5,2517.699951171875,0.1779545126568816,low,0.326604214455082,0,0,0.32406063079833997,0.3179624294890672,0,-94.04868833575802,266.383056640625,474.7239990234375,0.5511852926947266,151.935,3.5945977593184497,1,ok,NA,cap_dem_v1
icefall,391,Der weiße Pinguin - Außergschlöß,47.1252526,12.4609621,DGM_Tirol_5m_epsg31254_2006_2020,5,1682.1417236328125,0.7707313024569801,high,1,0.9126207256468356,0.10808864355643363,0.8063892822265626,1,0.5631036282341775,-172.88216554757537,710.540568033854,145.8397216796875,0.051654107764377,515.8225,158.51464693319645,1,ok,NA,cap_dem_v1
icefall,396,Die Abenteuer des Augie March,47.10426,12.6481,DGM_Tirol_5m_epsg31254_2006_2020,5,2695.64990234375,0.48108832079631614,medium,0.749471972057423,0.32533172921866205,0,0.4159159698486329,1,0,-188.22164113440297,562.8229573567705,328.627197265625,0.4133454512813608,234.8225,579.2351666356535,1,ok,NA,cap_dem_v1
icefall,400,Direkt Nord - Mittlerer Maurerkeeskopf,47.07629,12.26722,DGM_Tirol_5m_epsg31254_2006_2020,5,3285.31005859375,0.15772656442711566,low,0.02102285469332589,0,0,0.01647233835856123,1,0,102.2683686632663,23.37125651041697,750.04833984375,0.8875389497155599,39.0575,252.22559138544352,1,ok,NA,cap_dem_v1
icefall,401,Direkte Nordwand - Zugspitze,47.456045,10.994282,DGM_Tirol_5m_epsg31254_2006_2020,5,1007.1060180664064,0.30021702056529703,low,0.42754940894662097,0.5929009700674968,0,0.30069617207845056,0,1,-21.049452836122786,318.31500244140625,33.2449951171875,0.1652719413372506,246.25,0,1,ok,NA,cap_dem_v1
icefall,409,Ein Bolt kommt selten allein - Burgschrofen Kraspestal,47.19127272,11.06475592,DGM_Tirol_5m_epsg31254_2006_2020,5,1998.81298828125,0.581210528590439,medium,0.8375900297619046,0.7495918363203755,0,0.8728281860351563,0.3566055610973038,0,-103.31047893603863,586.3130208333332,243.56201171875,0.09095564320808248,505.73,4.530098229617771,1,ok,NA,cap_dem_v1
icefall,467,Glockner NW - Aschenbrenner,47.0776,12.6971,DGM_Tirol_5m_epsg31254_2006_2020,5,3186.333740234375,0.4735083909370622,medium,0.4926481442697523,0.5251884300375786,0,0.4603283157348633,1,0,-229.5186629293171,364.51988932291624,178.792236328125,0.22513671092265328,254.85,475.2573956447785,1,ok,NA,cap_dem_v1
icefall,496,Himmel und Hölle Zugspitze Nordwand,47.434,10.9864,DGM_Tirol_5m_epsg31254_2006_2020,5,1642.321044921875,0.35147413371783004,low,0.9784133128892076,0.1077389959078938,0,0.5329070434570313,0,0.0650187777695529,-55.96346806815336,748.5794189453122,484.0870361328125,0.45348869391934904,308.2875,0,1,ok,NA,cap_dem_v1
icefall,534,Karwendeleisfall - Karwendelbahn Mittenwald,47.4304,11.2951,DGM_Tirol_5m_epsg31254_2006_2020,5,2154.632080078125,0.02966663683177229,low,0.08964383919720637,0,0,0.04837118021647135,0,0,47.34922717843392,87.723876953125,893.693115234375,0.8447590173950132,65.1775,0,1,ok,NA,cap_dem_v1
icefall,544,Klammerkopf Nordrinne,46.9626,12.7598,DGM_Tirol_5m_epsg31254_2006_2020,5,2693.881103515625,0.34210521090236573,low,0.3758789250693362,0.36231350806658247,0,0.3405885162353516,0.7097921678872224,0.07615356548593588,-153.9158913316587,297.2027750651041,217.8681640625,0.3621367317770367,178.215,29.084634752863085,1,ok,NA,cap_dem_v1
icefall,604,Mayerlrampe - Großglockner,47.0784,12.6927,DGM_Tirol_5m_epsg31254_2006_2020,5,3261.46923828125,0.3568134275000276,low,0.36239782918101865,0.25035820778442364,0,0.3574961217244467,1,0,-173.6640814224952,275.6462890624998,211.062744140625,0.41832028195510024,219.0175,482.88553994734013,1,ok,NA,cap_dem_v1
icefall,607,Michltal - Geünter - Eisfall,47.033808,12.305818,DGM_Tirol_5m_epsg31254_2006_2020,5,1820.5068359375,0.6893387027346329,medium,0.9982760184151784,0.673275589703529,0,0.809672004699707,1,0.09847821080047992,-105.33277792352874,698.793212890625,364.2481689453125,0.1407427397089656,456.285,246.74235109695604,1,ok,NA,cap_dem_v1
icefall,616,Morbus Brexit - Aggenstein Nordostwand,47.53762,10.55979,DGM_Tirol_5m_epsg31254_2006_2020,5,1702.1419677734375,0.02070288971673347,low,0.0548240507678042,0.01923803376441289,0,0.01458245722452801,0,0.09619016882206444,0.5742405664989292,59.10186360677062,564.958984375,0.8804077195525372,43.9525,0,1,ok,NA,cap_dem_v1
icefall,636,Pallavicinirinne - Großglockner,47.0775,12.6991,DGM_Tirol_5m_epsg31254_2006_2020,5,3152.527099609375,0.5175714210698916,medium,0.5514078349450774,0.6282692281186688,0,0.4843477020263672,1,0,-250.46695801194392,407.0571614583332,157.836181640625,0.17332149841199396,258.1475,474.42175933475033,1,ok,NA,cap_dem_v1
icefall,652,Punkheitserreger - Aggenstein,47.5379428,10.5606776,DGM_Tirol_5m_epsg31254_2006_2020,5,1652.844970703125,0.0440132234306014,low,0.1205874395873648,0.0044004394866032,0,0.08510835774739599,0,0.02200219743301601,-57.99012739892101,115.4530029296875,474.9249267578125,0.8096739420212581,71.6025,0,1,ok,NA,cap_dem_v1
icefall,679,Säkularis - Großglockner Nordwand,47.07816,12.69407,DGM_Tirol_5m_epsg31254_2006_2020,5,3216.39111328125,0.43512817680375593,medium,0.4403224567725894,0.440549959609915,0,0.4327338180541993,1,0,-213.6558924102569,324.84070638020876,169.742919921875,0.2827166464184192,259.0875,481.1870105007587,1,ok,NA,cap_dem_v1
icefall,700,Schneiderrinne Light - Großglockner,47.0773,12.699,DGM_Tirol_5m_epsg31254_2006_2020,5,3184.24267578125,0.4674044458777997,medium,0.49705886568574525,0.5138140310456685,0,0.43124147796630863,1,0,-222.058658778647,373.7001790364584,195.33837890625,0.24468859438302548,233.3475,471.3158987709524,1,ok,NA,cap_dem_v1
icefall,707,Seebachfall - Tauerntal,47.076405,12.52767,DGM_Tirol_5m_epsg31254_2006_2020,5,1285.01904296875,0.8825947394377154,high,1,1,0.6637238511687614,0.950652104695638,0.7150143566641154,1,-158.26608102099271,715.529736328125,38.230224609375,0.01887523524853315,535,29.84760432226159,1,ok,NA,cap_dem_v1
icefall,746,Stierkopf - Eibergfall,47.540445,12.179335,DGM_Tirol_5m_epsg31254_2006_2020,5,588.0689697265625,0.4769014772280581,medium,0.5414613909040177,0.6773078455443556,0.48500167544539385,0.50139222017924,0,0.19439494061240312,-142.38363602907634,379.0229736328124,55.67596435546875,0.03573603498865083,474.385,0,1,ok,NA,cap_dem_v1
icefall,748,Südwandwächter - Großglockner,47.074606,12.69545325,DGM_Tirol_5m_epsg31254_2006_2020,5,3649.982421875,0.15,low,0,0,0,0,1,0,252.44830488355183,-122.208740234375,715.953857421875,0.9897420408528536,3.87,428.0741675090779,1,ok,NA,cap_dem_v1
icefall,750,Superdirekte Nordwand - Zugspitze,47.430111,10.986628,DGM_Tirol_5m_epsg31254_2006_2020,5,1843.489013671875,0.4282149558594523,medium,0.997808197406605,0.3502538065121612,0,0.6079963658650717,0,0,-138.7742613153971,801.885009765625,542.4100341796875,0.4195782903250362,345.52,0,1,ok,NA,cap_dem_v1
icefall,763,Theo-Riml-Gedenkweg - Großglockner,47.0774,12.6996,DGM_Tirol_5m_epsg31254_2006_2020,5,3141.770751953125,0.5289500718495177,medium,0.5686470008297366,0.6528990659872792,0,0.49042370096842447,1,0,-257.9467153387491,419.7986653645849,151.5439453125,0.16088990334488687,258.095,472.9104990246717,1,ok,NA,cap_dem_v1
icefall,789,Venediger NO-Flanke,47.1121,12.3445,DGM_Tirol_5m_epsg31254_2006_2020,5,3337.22802734375,0.2102141658092372,low,0.17576728488001514,0,0,0.10848229726155605,1,0,-52.01193967768586,142.38232421875,424.1494140625,0.5610951545391274,157.3,330.53932108198615,1,ok,NA,cap_dem_v1
icefall,812,White Magic (Direct),47.1389587,11.8209036,DGM_Tirol_5m_epsg31254_2006_2020,5,813.885009765625,0.6236711757483544,medium,1,0.9423026902190998,0.05370151029095344,0.8284853382110596,0.02054933602486519,0.7115134510954988,-247.09894088262055,795.5643310546875,157.45001220703125,0.06856083147653515,550.35,0.10356992517471524,1,ok,NA,cap_dem_v1
icefall,829,"Zugspitze Nordwand, ""Gazert/Völcker"", ""1.Mai""",47.43027,10.9921509,DGM_Tirol_5m_epsg31254_2006_2020,5,2090.553955078125,0.2508407707892925,low,0.7363263064237715,0,0,0.4450612945556641,0,0,-22.80649767584282,539.3936035156248,757.157958984375,0.5666666666666667,269.5325,0,1,ok,NA,cap_dem_v1
station,1,Aflenz,47.54594,15.24069,DGM_AT_5m_epsg31287,5.000000000000002,782.55596923828125,0.15676003581241815,low,0.33159331477922366,0.14526795464537565,0,0.25029812304178883,0,0.7263397732268781,-16.491097745572233,247.94978841145826,107.9085693359375,0.5290050660244165,240.4125,0,0.95,ok,NA,cap_dem_v1
station,2,Aigen im Ennstal,47.53278,14.13826,DGM_AT_5m_epsg31287,5.000000000000002,639.06085205078125,0.288396896723545,low,0.051887538931091944,0.31945514838287425,0.966572740342882,0.01497784550984703,0,1,-5.212882214403976,48.767667643229174,6.01690673828125,0,77.65,0,0.95,ok,NA,cap_dem_v1
station,3,Allentsteig,48.69083,15.36694,DGM_AT_5m_epsg31287,5.000000000000002,597.8096923828125,0.05,low,0,0.2,0,0,0,1,10.181610340204998,-3.461289469400981,50.4134521484375,0.41310561026414677,0,0,0.95,ok,NA,cap_dem_v1
station,4,Amstetten,48.10889,14.895,DGM_AT_5m_epsg31287,5.000000000000002,266.7316589355469,0.28284080650249555,low,0.013885651791080884,0.35832297894980414,0.9489432440863715,0,0,1,-0.16272119447774003,15.894057210286462,9.190216064453125,0,35.0225,0,0.95,ok,NA,cap_dem_v1
station,5,Bad Aussee,47.6105,13.75844,DGM_AT_5m_epsg31287,5.000000000000002,741.67877197265625,0.04120343694888726,low,0.020114384021647978,0.1419201546369382,0,0.004632015228271502,0,0.709600773184691,18.10969234257834,23.368408203125,127.80908203125,0.5859425273835637,33.1675,0,0.95,ok,NA,cap_dem_v1
station,6,Bad Bleiberg,46.62528,13.68444,DGM_AT_5m_epsg31287,5.000000000000002,905.69195556640625,0.6010296260585075,medium,0.6082999383835568,0.8632854370117187,0.6624000536265682,0.6710218098958334,0,1,-57.11565747475868,425.80995686848973,39.244384765625,0.01834976647638817,474.485,0,0.95,ok,NA,cap_dem_v1
station,7,Bad Gastein,47.11056,13.13336,DGM_AT_5m_epsg31287,5.000000000000002,1091.0438232421875,0.4208431900091263,medium,0.6318442266555059,0.655135717123934,0,0.6453855717976889,0.015269121964086143,0.8286418636765429,-34.97565163839363,442.29095865885415,218.39154052734375,0.1349346398444366,414.29,0.07597530502388876,0.95,ok,NA,cap_dem_v1
station,8,Bad Gleichenberg,46.87222,15.90361,DGM_AT_5m_epsg31287,5.000000000000002,267.4256286621094,0.3705322187627318,low,0.07644081617713813,0.6313530764256348,0.9542599148220486,0.018211750984191897,0,1,-16.266624960881188,62.489402262369765,8.23321533203125,0,150.1825,0,0.95,ok,NA,cap_dem_v1
station,9,Bad Goisern,47.62194,13.64472,DGM_AT_5m_epsg31287,5.000000000000002,538.59625244140625,0.1216542090577956,low,0.16238130506266008,0.2569235236459393,0,0.11218667920430506,0,1,-8.545447827930047,124.67885335286451,36.476104736328125,0.4214109767235892,208.17,0,0.95,ok,NA,cap_dem_v1
station,10,Bad Mitterndorf,47.55333,13.93472,DGM_AT_5m_epsg31287,5.000000000000002,802.9285888671875,0.15343523998060032,low,0.11160334733747734,0.29038211355144883,0.20619564122501047,0.07799831008911136,0,1,-7.652608583976416,95.36802164713549,25.9302978515625,0.09109213694611276,120.6275,0,0.95,ok,NA,cap_dem_v1
station,11,Bad Radkersburg,46.69222,15.99333,DGM_AT_5m_epsg31287,5.000000000000002,207.8673858642578,0.23159698205565626,low,3.0482546654857207e-4,0.2,0.9076038784450955,0,0,1,0.8243578386700108,0.6678314208984375,16.631301879882813,0,5.505,0,0.95,ok,NA,cap_dem_v1
station,12,Baden,48.011391,16.235556,DGM_AT_5m_epsg31287,5.000000000000002,241.58309936523438,0.16717375379343594,low,0.12387088629942801,0.15264000828947263,0.4448660469369559,0.060485471725463875,0,0.7632000414473631,-16.896428067304043,97.70407206217442,22.404876708984375,0.05902662459869368,180.505,0,0.95,ok,NA,cap_dem_v1
station,13,Bernstein,47.40833,16.26139,DGM_AT_5m_epsg31287,5.000000000000002,630.50970458984375,0.06858173977614303,low,0.05637137934688168,0.2,0,0.02992596626281738,0,1,12.984708923499625,51.34978841145835,190.49014282226563,0.5480582927369353,89.355,0,0.95,ok,NA,cap_dem_v1
station,14,Bischofshofen,47.40667,13.22111,DGM_AT_5m_epsg31287,5.000000000000002,548.04656982421875,0.48034122845635246,medium,0.3379425339471725,0.650995636985442,0.9246426052517361,0.3211877644856771,0,1,-29.95291992449586,236.55977376302076,13.5643310546875,0,357.4725,0,0.95,ok,NA,cap_dem_v1
station,15,Bregenz,47.49917,9.74611,DGM_AT_5m_epsg31287,5.000000000000002,426.6360778808594,0.11538710211726627,low,0.1903716785038551,0.2,0,0.11862788327534997,0,1,0.4128624835532264,151.85116577148438,33.224578857421875,0.39211167400271296,170.27250000000086,0,0.95,ok,NA,cap_dem_v1
station,16,Brenner,47.00722,11.51083,DGM_Tirol_5m_epsg31254_2006_2020,5,1409.43896484375,0.44733074568239833,medium,0.5771229771205357,0.7769696199361378,0,0.635852441151937,0.08953153496959622,0.7986135443229365,-86.54120212009752,403.986083984375,98.532958984375,0.12441386248899589,391.58,0.5362962526392976,1,ok,NA,cap_dem_v1
station,17,Bruck an der Mur,47.403056,15.233611,DGM_AT_5m_epsg31287,5.000000000000002,488.20745849609375,0.4494811407424818,medium,0.28177285443509215,0.6158606517958756,0.9232003106011285,0.26955134709676115,0,1,-10.111644751268614,200.79739990234373,13.823944091796875,0,315.3925,0,0.95,ok,NA,cap_dem_v1
station,18,Bruckneudorf,48.01278,16.845,DGM_AT_5m_epsg31287,5.000000000000002,165.46351623535156,0.22747933651480062,low,0,0.2,0.8873966825740031,0,0,1,3.52552707047559,17.024211629231786,20.204086303710938,4.8444918128088367e-5,0,0,0.95,ok,NA,cap_dem_v1
station,19,Dellach,46.74189,13.08286,DGM_AT_5m_epsg31287,5.000000000000002,625.30035400390625,0.16255059964770574,low,0.2719749251380556,0.26768876648255246,0,0.18423117828369145,0,1,-24.027648269365613,199.45957845052078,32.961181640625,0.35301932617856474,267.8275,0,0.95,ok,NA,cap_dem_v1
station,20,Ehrwald,47.40417,10.92,DGM_Tirol_5m_epsg31254_2006_2020,5,981.5830078125,0.31355755184975403,low,0.2105036931657566,0.4010094777605819,0.6846679287390404,0.1583044891357423,0,0.7591502610485534,-11.849289179512766,155.0849609375,38.06597900390625,0.0158049158547387,261.06,0,1,ok,NA,cap_dem_v1
station,21,Bad Eisenkappel,46.49056,14.59333,DGM_AT_5m_epsg31287,5.000000000000002,620.61737060546875,0.2417752166571481,low,0.3419683122394632,0.4336973641883235,0,0.3190586503346762,0,0.7207914343724241,-15.335534495332922,241.10359090169277,101.15814208984375,0.19160081376198845,335.58,0,0.95,ok,NA,cap_dem_v1
station,22,Eisenstadt Nordost,47.85417,16.53833,DGM_AT_5m_epsg31287,5.000000000000002,185.23130798339844,0.08327741772689892,low,0.10454199410399645,0.20812757365418516,0,0.034066838582356776,0,1,-7.591880515269423,81.55040384928384,37.3345947265625,0.37194337194337196,191.325,0,0.95,ok,NA,cap_dem_v1
station,23,Enns,48.19583,14.45028,DGM_AT_5m_epsg31287,5.000000000000002,316.0500793457031,0.03875866548997973,low,0,0.1550346619599189,0,0,0,0.7751733097995945,21.779686743901777,2.0400512695312614,62.99647521972656,0.8546515249029418,0,0,0.95,ok,NA,cap_dem_v1
station,24,Feldkirch,47.27111,9.60972,DGM_AT_5m_epsg31287,5.000000000000002,439.8053894042969,0.23867078993055557,low,0,0.2,0.9433539496527777,0,0,1,0.07727342776985324,7.670336914062489,10.1962890625,0,0,0,0.95,ok,NA,cap_dem_v1
station,25,Fischbach,47.44417,15.64389,DGM_AT_5m_epsg31287,5.000000000000002,1032.426025390625,0.11379471143426467,low,0.19068774389990045,0.2,0,0.10748516972859702,0,1,17.46902152253631,155.22444661458348,241.1954345703125,0.6004400805430428,153.445,0,0.95,ok,NA,cap_dem_v1
station,26,Freistadt,48.49472,14.50639,DGM_AT_5m_epsg31287,5.000000000000002,537.41607666015625,0.36291023092644925,low,0.09269088594538448,0.6806180786132813,0.814836235993698,0.044104950586954766,0,1,-16.823179306209454,76.28642985026045,23.78814697265625,0.007329531297583123,145.1675,0,0.95,ok,NA,cap_dem_v1
station,27,Gallspach,48.20422,13.825,DGM_AT_5m_epsg31287,5.000000000000002,424.93585205078125,0.0399492388080008,low,0,0.1597969552320032,0,0,0,0.7989847761600161,13.910691070930227,2.291168212890625,84.85650634765625,0.6692498771821787,0,0,0.95,ok,NA,cap_dem_v1
station,28,Galtür,46.96806,10.18556,DGM_Tirol_5m_epsg31254_2006_2020,5,1583.2320556640625,0.6347456231541462,medium,0.6568793712797618,0.7890645377861887,0.4224338592266145,0.6636877263387045,0.5947981006102,1,-29.187625674882156,459.8155598958333,45.800048828125,0.05200764024415563,436.3525,16.331525171538555,1,ok,NA,cap_dem_v1
station,29,Gmunden,47.91472,13.8075,DGM_AT_5m_epsg31287,5.000000000000002,426.0927429199219,0.3738035300531346,low,0.21229436937603843,0.43680197491944656,0.9455978393554687,0.14939917405446373,0,1,-10.2975449626839,156.3747578938802,9.792388916015625,0,261.335,0,0.95,ok,NA,cap_dem_v1
station,30,Graz Universität/Heinrichstraße,47.08,15.448056,DGM_AT_5m_epsg31287,5.000000000000002,366.26605224609375,0.21382390542503954,low,0.05132312462081272,0.23716887778954435,0.700952382445839,0.010069522221883145,0,1,-4.3746224714831214,47.7882100423177,28.952789306640625,0.019762654395737468,80.9425,0,0.95,ok,NA,cap_dem_v1
station,31,Groß-Enzersdorf,48.19975,16.55917,DGM_AT_5m_epsg31287,5.000000000000002,155.56143188476563,0.24038708157009553,low,0,0.2,0.9519354078504775,0,0,1,1.342734487970148,0.1078643798828125,8.6516265869140625,0,0,0,0.95,ok,NA,cap_dem_v1
station,32,Gumpoldskirchen,48.03583,16.28083,DGM_AT_5m_epsg31287,5.000000000000002,211.2906951904297,0.14415930052520715,low,0.04421806982143658,0.2500622123401298,0.34594672737387633,0.009332563400268579,0,1,-2.6221710678717898,42.679729207356786,23.98699951171875,0.07210367541237685,69.135,0,0.95,ok,NA,cap_dem_v1
station,36,Hohe Wand/Hochkogelhaus,47.82222,16.035,DGM_AT_5m_epsg31287,5.000000000000002,934.09832763671875,0.044308185751961375,low,0.05407518206981392,0.11228709890189875,0,0.018117436726888043,0,0.5614354945094937,119.15225046595117,51.3673014322917,486.0345153808594,0.6316022527571368,74.1,0,0.95,ok,NA,cap_dem_v1
station,37,Schöngrabern,48.60333,16.06167,DGM_AT_5m_epsg31287,5.000000000000002,252.4062042236328,0.21276853094772658,low,0,0.2,0.8138426547386328,0,0,1,2.5854842750239584,12.035985310872434,22.773727416992188,0.00819297784297715,0,0,0.95,ok,NA,cap_dem_v1
station,38,Imst,47.23694,10.74222,DGM_Tirol_5m_epsg31254_2006_2020,5,770.905029296875,0.20061299640825783,low,0.24188132514520547,0.458825427333529,0,0.1695753885904948,0,1,-9.501851635039998,177.71604410807288,52.27801513671875,0.19105688243558422,265.08,0,1,ok,NA,cap_dem_v1
station,39,Innsbruck Universität,47.25986,11.38425,DGM_Tirol_5m_epsg31254_2006_2020,5,577.0830078125,0.30831993336016483,low,0.10048571109535535,0.3297974687123558,0.9522111680772568,0.06871269861857097,0,1,0.3951627261537851,85.322021484375,8.60198974609375,0,124.42,0,1,ok,NA,cap_dem_v1
station,40,Irdning-Gumpenstein,47.495,14.09967,DGM_AT_5m_epsg31287,5.000000000000002,695.55279541015625,0.10657399514260005,low,0.10608981869129021,0.2847351642594811,0,0.059118329366048196,0,1,5.011631370172381,82.13789469401036,51.59039306640625,0.2902571697486436,199.1125,0,0.95,ok,NA,cap_dem_v1
station,42,Jenbach,47.38878,11.75814,DGM_Tirol_5m_epsg31254_2006_2020,5,529.58502197265625,0.5089319675524356,medium,0.6843773280992369,0.3536052535583273,0.9668219672309027,0.3738128579457602,0,1,-46.04431429039528,501.4138590494792,5.9720458984375,0,269.305,0,1,ok,NA,cap_dem_v1
station,43,Kals,47.00478,12.6465,DGM_Tirol_5m_epsg31254_2006_2020,5,1349.9105224609375,0.5325415387081653,medium,0.6401427525111606,0.775923323395519,0.26624032556870936,0.6263959808349611,0.20878371661672965,0.945033107089553,-42.18793205131442,448.09992675781245,82.7620849609375,0.06085855265434363,438.645,1.721771552115482,1,ok,NA,cap_dem_v1
station,44,Kalwang,47.42126,14.75961,DGM_AT_5m_epsg31287,5.000000000000002,742.00994873046875,0.5293511600337023,medium,0.4557610338031582,0.660133419648844,0.9250512017144097,0.43578204218546557,0,1,-15.287833169253986,321.36517740885415,13.49078369140625,0,335.3825,0,0.95,ok,NA,cap_dem_v1
station,46,Krems,48.41861,15.62222,DGM_AT_5m_epsg31287,5.000000000000002,201.45343017578125,0.27210898372227654,low,0.10263365878385128,0.21633626408302434,0.9393022325303819,0.03004037666320801,0,1,-9.286548668311042,80.83554890950518,10.92559814453125,0,181.8825,0,0.95,ok,NA,cap_dem_v1
station,47,Krimml,47.22911,12.18197,DGM_AT_5m_epsg31287,5.000000000000002,1006.8562622070313,0.3386130434666308,low,0.46515237720954367,0.5050329612364779,0,0.42438614400227864,0.2160585816985577,1,-36.58784073772313,327.39520263671875,102.384765625,0.191116738975498,338.94,1.818406638354705,0.95,ok,NA,cap_dem_v1
station,48,Klagenfurt Flughafen,46.64833,14.31833,DGM_AT_5m_epsg31287,5.000000000000002,450.6141662597656,0.2616141706914685,low,0.03478183516613992,0.2691427024174423,0.9281651814778646,0,0,1,0.051568047386126636,36.72456868489587,12.930267333984375,0,47.6925,0,0.95,ok,NA,cap_dem_v1
station,49,Kleinzicken,47.2075,16.326667,DGM_AT_5m_epsg31287,5.000000000000002,263.33734130859375,0.2761693279372768,low,0.006598899385402896,0.33174431948175975,0.9579176161024305,0,0,1,0.13570630404228723,20.482086181640625,7.5748291015625,0,2.75,0,0.95,ok,NA,cap_dem_v1
station,50,Landeck,47.14025,10.56364,DGM_Tirol_5m_epsg31254_2006_2020,5,793.92901611328125,0.49070426517410815,medium,0.405592035202753,0.7048967667281301,0.7369681247035796,0.4379229316711426,0,1,-25.073622698036957,283.9144246419271,24.8370361328125,0.017407789224606146,396.275,0,1,ok,NA,cap_dem_v1
station,51,Langenlebarn,48.32389,16.11806,DGM_AT_5m_epsg31287,5.000000000000002,173.9814453125,0.25262636066959004,low,0,0.24255880096829072,0.9599333021375868,0,0,1,-0.08584667267027157,1.7994242350260663,7.212005615234375,0,0,0,0.95,ok,NA,cap_dem_v1
station,52,Langenlois,48.4725,15.69722,DGM_AT_5m_epsg31287,5.000000000000002,205.5096435546875,0.29208937656603995,low,0.021068113589831697,0.3779761059989809,0.961641608344184,0,0,1,0.03347257961269179,25.343297322591127,6.904510498046875,0,29.28,0,0.95,ok,NA,cap_dem_v1
station,53,Laßnitzhöhe,47.07361,15.59222,DGM_AT_5m_epsg31287,5.000000000000002,529.0787353515625,0.05,low,0,0.2,0,0,0,1,24.86456599169702,-1.8113993326822992,95.840240478515625,0.7597700035980183,0,0,0.95,ok,NA,cap_dem_v1
station,54,Leibnitz-Wagna,46.76739,15.55289,DGM_AT_5m_epsg31287,5.000000000000002,268.36859130859375,0.23769602457682293,low,0,0.2,0.9384801228841145,0,0,1,1.1160674300318192,1.7147216796875,11.073577880859375,0,0,0,0.95,ok,NA,cap_dem_v1
station,55,Lienz,46.82555,12.80639,DGM_Tirol_5m_epsg31254_2006_2020,5,659.11834716796875,0.31251825364267544,low,0.01445006419599894,0.4626531153052583,0.9662122938368056,0,0,1,-0.7319979141856265,17.62605794270837,6.081787109375,0,27.885,0,1,ok,NA,cap_dem_v1
station,56,Linz Stadt,48.29639,14.28528,DGM_AT_5m_epsg31287,5.000000000000002,263.1262512207031,0.2654382242511043,low,0.07682021009426963,0.23639905467409067,0.9231800503200955,0.01664931996663412,0,1,-14.139246774354262,61.671110026041674,13.827590942382813,0,164.7225,0,0.95,ok,NA,cap_dem_v1
station,57,Litschau,48.95464,15.03831,DGM_AT_5m_epsg31287,5.000000000000002,556.211669921875,0.06803125797059886,low,0,0.27212503188239545,0,0,0,1,3.6488465520046702,23.45390218098953,45.92303466796875,0.17762247439800719,0,0,0.95,ok,NA,cap_dem_v1
station,58,Lutzmannsburg,47.46528,16.64556,DGM_AT_5m_epsg31287,5.000000000000002,200.3105926513672,0.3496795595544465,low,0.04163163912659196,0.5905754405718728,0.9567013210720486,0.0019168361028035496,0,1,-2.2378728630417584,40.87761027018229,7.79376220703125,0,64.25,0,0.95,ok,NA,cap_dem_v1
station,59,Mariazell/St.Sebastian Flugfeld,47.78917,15.30222,DGM_AT_5m_epsg31287,5.000000000000002,863.1578369140625,0.09680469632651183,low,0.13224558851344473,0.2,0,0.09162199465433757,0,1,2.1500644760366185,106.52842407226558,57.3040771484375,0.2196234196704749,161.87,0,0.95,ok,NA,cap_dem_v1
station,60,Mattsee,47.97722,13.10556,DGM_AT_5m_epsg31287,5.000000000000002,504.9755859375,0.25149839469031454,low,0.02240979389492518,0.2,0.9725830078125,0.009195631027221682,0,1,0.5776890056948218,24.2073933919271,4.93505859375,0,43.6075,0,0.95,ok,NA,cap_dem_v1
station,61,Mayrhofen,47.1625,11.85139,DGM_Tirol_5m_epsg31254_2006_2020,5,637.8809814453125,0.6774484147775672,medium,0.7529550199962796,0.8196953979492188,0.8892388237847222,0.6096767756144206,0.09991019461390035,1,-72.05019672546905,527.0685139973957,19.93701171875,0,383.3275,0.6146986853644918,1,ok,NA,cap_dem_v1
station,62,Millstatt,46.80806,13.57278,DGM_AT_5m_epsg31287,5.000000000000002,717.16680908203125,0.11296509089504655,low,0.17022745979652734,0.22633168880257976,0,0.09216869163513186,0,0.869390654780478,22.33810461244616,128.45137939453116,129.79443359375,0.4416837910206115,228.71,0,0.95,ok,NA,cap_dem_v1
station,63,Mönichkirchen,47.51111,16.03333,DGM_AT_5m_epsg31287,5.000000000000002,988.9013671875,0.10768030079826148,low,0.17097131534514545,0.2,0,0.09958314641316733,0,1,18.92216481295634,132.3532999674478,229.1759033203125,0.49402850816495986,199.255,0,0.95,ok,NA,cap_dem_v1
station,64,Neumarkt,47.06972,14.42472,DGM_AT_5m_epsg31287,5.000000000000002,867.2408447265625,0.07452217214625136,low,0.08502240364237845,0.2,0,0.02177714157104495,0,1,25.4325040313239,71.4112670898437,59.69805908203125,0.2538755398073303,131.225,0,0.95,ok,NA,cap_dem_v1
station,65,Neusiedl am See,47.94917,16.82889,DGM_AT_5m_epsg31287,5.000000000000002,116.94297790527344,0.26467635399927064,low,0.036135228114235286,0.231910703019566,0.9883243560791015,0,0,1,-1.9122122810068873,36.995506286621094,2.1016159057617188,0,53.99,0,0.95,ok,NA,cap_dem_v1
station,66,Obergurgl,46.86694,11.02444,DGM_Tirol_5m_epsg31254_2006_2020,5,1935.3759765625,0.6787147586616321,medium,0.6928316476004466,0.8279462011449112,0.2022654361575912,0.7204480616251627,1,1,-58.97547023457378,484.9821533203126,99.2559814453125,0.06589155334094605,463.575,156.32532430756166,1,ok,NA,cap_dem_v1
station,67,Leiser Berge,48.55889,16.37167,DGM_AT_5m_epsg31287,5.000000000000002,456.4375305175781,0.03726801889275744,low,0,0.14907207557102975,0,0,0,0.7453603778551487,66.71193356115072,-25.462988281249977,188.42190551757813,0.9209568490686152,0,0,0.95,ok,NA,cap_dem_v1
station,68,Obertauern,47.24889,13.55972,DGM_AT_5m_epsg31287,5.000000000000002,1770.0609130859375,0.192450171486876,low,0.32913339691507165,0.23541168676802798,0,0.3420926704406739,0,0.20976193210093397,12.625351971163582,238.49152018229142,145.4451904296875,0.1879030695563121,286.66,0,0.95,ok,NA,cap_dem_v1
station,69,Obervellach,46.93528,13.19444,DGM_AT_5m_epsg31287,5.000000000000002,683.84417724609375,0.47952741511627184,medium,0.5155673721569444,0.4596947103810967,0.8303725617795351,0.4642492141723633,0,0.9109607805277374,-26.50877832156391,363.0552368164065,22.7705078125,0.005924408424287306,337.9825,0,0.95,ok,NA,cap_dem_v1
station,70,Poysdorf-Ost,48.66917,16.6375,DGM_AT_5m_epsg31287,5.000000000000002,200.13339233398438,0.32561029814027964,low,0.0613639250100554,0.4935180106159435,0.9330253601074219,0.0018982814153035489,0,1,-11.86524964298718,50.327914428710926,12.055435180664063,0,147.735,0,0.95,ok,NA,cap_dem_v1
station,71,Preitenegg,46.938333,14.920278,DGM_AT_5m_epsg31287,5.000000000000002,1058.8634033203125,0.0496662636591267,low,0,0.1986650546365068,0,0,0,0.9933252731825339,37.8796898674716,-10.142065429687591,283.9071044921875,0.9247209902510914,0,0,0.95,ok,NA,cap_dem_v1
station,72,Puchberg am Schneeberg,47.79028,15.90694,DGM_AT_5m_epsg31287,5.000000000000002,580.73272705078125,0.40772368743418563,medium,0.21607962480902598,0.6856750678874091,0.7511997714651795,0.2136337331136068,0,1,-10.549221897568827,157.94062499999995,25.7276611328125,0.01482291392744938,272.89,0,0.95,ok,NA,cap_dem_v1
station,73,Radstadt-Tandalier,47.38,13.44083,DGM_AT_5m_epsg31287,5.000000000000002,833.873779296875,0.4157449358207611,medium,0.1858879152994168,0.6250327278537581,0.9535719129774306,0.14866928291320802,0,1,-8.157121901563414,144.1568562825521,8.3570556640625,0,197.3775,0,0.95,ok,NA,cap_dem_v1
station,75,Ranshofen Braunau,48.22417,13.02833,DGM_AT_5m_epsg31287,5.000000000000002,384.8832702636719,0.12571702107563287,low,0,0.2,0.37858510537816426,0,0,1,1.329092074005473,3.6979431152343523,40.1265869140625,0.061536864685326785,0,0,0.95,ok,NA,cap_dem_v1
station,76,Reutte,47.49444,10.71528,DGM_Tirol_5m_epsg31254_2006_2020,5,841.0380249023436,0.3245727358529332,low,0.01207719314630071,0.5178448809077933,0.9604610866970488,0,0,1,-3.1540820951091746,15.48797607421875,7.11700439453125,0,23.51,0,1,ok,NA,cap_dem_v1
station,77,Rohrbach,48.56722,14.00444,DGM_AT_5m_epsg31287,5.000000000000002,612.10400390625,0.055810529381017895,low,0.02324211752407157,0.2,0,0,0,1,3.4961077390913715,26.731209309895803,102.2535400390625,0.7222153019985605,34.4125,0,0.95,ok,NA,cap_dem_v1
station,78,Rauris,47.22353,12.99262,DGM_AT_5m_epsg31287,5.000000000000002,932.625244140625,0.6501129397031855,medium,0.6342386765252974,0.8299311102076379,0.9382046169704861,0.6428637975056967,0,0.8049468108038144,-54.42833612468564,443.9670735677082,11.1231689453125,0,421.5925,0,0.95,ok,NA,cap_dem_v1
station,80,Reichenau an der Rax,47.69972,15.83694,DGM_AT_5m_epsg31287,5.000000000000002,486.81390380859375,0.4638478766454159,medium,0.29323792088074274,0.6521256660587901,0.9230153401692709,0.2860260791778565,0,0.9057507082880275,-21.92973432144248,209.38910115559895,13.85723876953125,0,311.7475,0,0.95,ok,NA,cap_dem_v1
station,81,Retz Windmühle,48.76111,15.94167,DGM_AT_5m_epsg31287,5.000000000000002,318.0804748535156,0.04432281933041665,low,0.008507608038042867,0.16878366928362373,0,0,0,0.8439183464181186,18.70206884509497,12.929324340820301,78.005584716796875,0.7787472237021457,13.8725,0,0.95,ok,NA,cap_dem_v1
station,82,Rudolfshütte,47.13492,12.62594,DGM_AT_5m_epsg31287,5.000000000000002,2318.004638671875,0.23908508217746904,low,0.15031812741335834,0.13689142279309988,0,0.11521796417236337,1,0.6844571139654994,83.76812897834952,123.84259440104142,378.7003173828125,0.5544406460631393,144.4175,381.03627711683873,0.95,ok,NA,cap_dem_v1
station,83,Saalbach,47.38789,12.64844,DGM_AT_5m_epsg31287,5.000000000000002,973.9141845703125,0.6294213142512222,medium,0.5955287388392857,0.899401318359375,0.7903791289234344,0.6507531611124676,0,1,-82.01898446479913,416.8701171875,25.39263916015625,0.009577125616735058,520.1325,0,0.95,ok,NA,cap_dem_v1
station,85,Schmittenhöhe,47.32872,12.73794,DGM_AT_5m_epsg31287,5.000000000000002,1954.1409912109375,0.007196120839167087,low,0,0.028784483356668347,0,0,0,0.14392241678334172,130.80257829968173,-87.92879231770826,738.819580078125,1,0,0,0.95,ok,NA,cap_dem_v1
station,86,Schöckl,47.19861,15.46639,DGM_AT_5m_epsg31287,5.000000000000002,1442.531982421875,0.05,low,0,0.2,0,0,0,1,85.29905879115177,-56.01593831380205,550.381103515625,1,0,0,0.95,ok,NA,cap_dem_v1
station,87,Seefeld,47.32478,11.17542,DGM_Tirol_5m_epsg31254_2006_2020,5,1180.89794921875,0.48848374123951743,medium,0.3334132835751487,0.7319875854492188,0.9168226453993056,0.25845996602376314,0,1,-42.38294936929174,233.3892985026041,14.971923828125,0,355.89,0,1,ok,NA,cap_dem_v1
station,88,Semmering,47.63325,15.82839,DGM_AT_5m_epsg31287,5.000000000000002,984.8702392578125,0.1649640122719514,low,0.26384307199681745,0.27248894754997255,0,0.2058733825683594,0,1,-1.866756544390455,195.59370930989598,258.35369873046875,0.39447719473043286,252.1725,0,0.95,ok,NA,cap_dem_v1
station,89,Stift Zwettl,48.61778,15.20361,DGM_AT_5m_epsg31287,5.000000000000002,502.1885986328125,0.38881099447057127,low,0.08987583679273964,0.7076309692382812,0.941983879937066,0.006916779836018878,0,1,-26.6115160495782,63.921398925781205,10.442901611328125,0,319.005,0,0.95,ok,NA,cap_dem_v1
station,90,St.Andrä im Lavanttal,46.76417,14.82806,DGM_AT_5m_epsg31287,5.000000000000002,402.20458984375,0.3282355601823038,low,0.029627205181516177,0.520710399482534,0.9440022786458333,0.012338021914164226,0,1,-5.968858031743764,31.996197509765636,10.07958984375,0,43.6475,0,0.95,ok,NA,cap_dem_v1
station,91,Feistritz ob Bleiburg,46.561389,14.765,DGM_AT_5m_epsg31287,5.000000000000002,522.49822998046875,0.06016674918600865,low,0.040649060800431056,0.2,0,2.9893239339193744e-5,0,1,1.7719878210672277,40.21014200846355,32.911590576171875,0.32612682440708934,62.265,0,0.95,ok,NA,cap_dem_v1
station,92,St.Michael im Lungau,47.09447,13.62269,DGM_AT_5m_epsg31287,5.000000000000002,1049.312255859375,0.47120396179322993,medium,0.3245466656744914,0.6314451006709271,0.9500135633680555,0.28135538355509443,0,1,-8.579830018664552,234.08176676432277,8.99755859375,0,294.3175,0,0.95,ok,NA,cap_dem_v1
station,93,St.Pölten Landhaus,48.19972,15.63111,DGM_AT_5m_epsg31287,5.000000000000002,270.86444091796875,0.2363789376121752,low,0,0.19742316689835354,0.935115729437934,0,0,0.9812516288729637,0.7656074883125257,3.761702473958337,11.679168701171875,0,0,0,0.95,ok,NA,cap_dem_v1
station,94,St.Radegund,47.18211,15.48978,DGM_AT_5m_epsg31287,5.000000000000002,724.82659912109375,0.11610767957767638,low,0.19459773022073187,0.19902943813269824,0,0.118005916595459,0,0.925029099722501,-5.303954180380174,147.65574340820308,194.8328857421875,0.44087770043040814,221.92,0,0.95,ok,NA,cap_dem_v1
station,95,St.Veit an der Glan,46.73917,14.38556,DGM_AT_5m_epsg31287,5.000000000000002,461.04827880859375,0.37527780256224075,low,0.0921955507551602,0.6113157431628294,0.9672749837239584,0.03963321558634441,0,1,-5.824119732381291,72.13763631184895,5.8905029296875,0,188.2875,0,0.95,ok,NA,cap_dem_v1
station,97,Stolzalpe,47.12303,14.18822,DGM_AT_5m_epsg31287,5.000000000000002,1287.758056640625,0.10703616093027864,low,0.18564549844477554,0.17242808051803826,0,0.11678510793050131,0,0.8621404025901913,12.396408720740965,146.5151285807292,482.17987060546875,0.6411203830558669,179.9525,0,0.95,ok,NA,cap_dem_v1
station,98,Tamsweg,47.13306,13.80833,DGM_AT_5m_epsg31287,5.000000000000002,1023.251220703125,0.3187444866597126,low,0.11836694354867412,0.4049275626062354,0.8957251654730902,0.05850551350911462,0,1,-9.353218046278698,91.57425944010424,18.76947021484375,0,199.9125,0,0.95,ok,NA,cap_dem_v1
station,100,Villach Stadt,46.61806,13.87389,DGM_AT_5m_epsg31287,5.000000000000002,491.47857666015625,0.2551444150070809,low,0.012042543814188565,0.24863168739469044,0.9496198866102431,3.458658854166696e-4,0,1,0.8125494061277436,17.113600667317712,9.06842041015625,0,16.9375,0,0.95,ok,NA,cap_dem_v1
station,101,Waidhofen an der Ybbs,47.94556,14.80972,DGM_AT_5m_epsg31287,5.000000000000002,381.69329833984375,0.3624513577986129,low,0.22569123767671143,0.5369079216745634,0.6960293680479896,0.21730462900797534,0,0.5745771679882767,-40.154139325962376,157.983866373698,35.6741943359375,0.015831280617752068,387.6225,0,0.95,ok,NA,cap_dem_v1
station,102,Weißensee-Gatschach,46.71861,13.28583,DGM_AT_5m_epsg31287,5.000000000000002,949.14080810546875,0.2781747575371254,low,0.584654821923259,0.28961638382338706,0,0.3973797073364258,0,0.6035664842598423,-23.62554358570253,425.23393961588545,21.42718505859375,0.13558864639698862,280.6325,0,0.95,ok,NA,cap_dem_v1
station,103,Weitensfeld,46.84917,14.19083,DGM_AT_5m_epsg31287,5.000000000000002,702.11700439453125,0.4569746443884133,medium,0.2780630722289729,0.7007709308923071,0.9194091796875,0.18922871780395512,0,1,-29.723562847668745,195.08133748372393,14.50634765625,0,345.42,0,0.95,ok,NA,cap_dem_v1
station,104,Weyer,47.85719,14.66572,DGM_AT_5m_epsg31287,5.000000000000002,425.6657409667969,0.29306935819247115,low,0.17970415635611067,0.5181019348246085,0.49576958021903095,0.1297594623565674,0,0.8737022656465239,-8.206815820237068,129.91231892903647,45.78369140625,0.04021369798550895,290.4725,0,0.95,ok,NA,cap_dem_v1
station,105,Wien Hohe Warte,48.24861,16.35639,DGM_AT_5m_epsg31287,5.000000000000002,198.63194274902344,0.05216512618660629,low,0.008660504746425143,0.2,0,0,0,1,7.8077544332500395,20.607884724934877,41.83735656738281,0.43481479943813617,4.6075,0,0.95,ok,NA,cap_dem_v1
station,106,Wien Mariabrunn,48.20694,16.22944,DGM_AT_5m_epsg31287,5.000000000000002,225.72412109375,0.34355855953104397,low,0.05494697886375888,0.5931668585561393,0.9044188605414496,0.004308853785196942,0,1,-2.299539909561787,48.08842773437499,17.204605102539063,0,107.6,0,0.95,ok,NA,cap_dem_v1
station,107,Wien Unterlaa,48.125,16.41944,DGM_AT_5m_epsg31287,5.000000000000002,198.4949188232422,0.04420771253353851,low,0,0.17683085013415403,0,0,0,0.8841542506707701,4.976116866737783,-3.447990926106769,32.2642822265625,0.24505272480695248,0,0,0.95,ok,NA,cap_dem_v1
station,108,Windischgarsten,47.72028,14.32611,DGM_AT_5m_epsg31287,5.000000000000002,598.34722900390625,0.3662937634409554,low,0.17355966337580783,0.5061240106425167,0.884486089000719,0.12983751424153647,0,1,-5.886097774680593,131.06783040364587,20.7098388671875,6.227511763077774e-5,227.74,0,0.95,ok,NA,cap_dem_v1
station,109,St.Wolfgang,47.74028,13.44194,DGM_AT_5m_epsg31287,5.000000000000002,543.39093017578125,0.3757105121570928,low,0.3183472375445598,0.2724199961390141,0.9659573025173611,0.2321816215515137,0,0.9747110536005278,-28.486690023583606,235.69940999348955,6.127685546875,0,253.96,0,0.95,ok,NA,cap_dem_v1
station,111,Wolfsegg,48.10542,13.67092,DGM_AT_5m_epsg31287,5.000000000000002,636.19384765625,0.05000734408376072,low,2.9376335042880837e-5,0.2,0,0,0,1,45.65543323422662,0.0439453125,142.0164794921875,0.8216415948186385,14.525,0,0.95,ok,NA,cap_dem_v1
station,112,Wiener Neustadt Flugplatz,47.83233,16.23147,DGM_AT_5m_epsg31287,5.000000000000002,273.96875,0.2323998684353299,low,0,0.2,0.9119993421766494,0,0,1,0.29818418616963527,8.309908040364576,15.840118408203125,0,0,0,0.95,ok,NA,cap_dem_v1
station,113,Zell am See,47.29,12.78639,DGM_AT_5m_epsg31287,5.000000000000002,751.64666748046875,0.3416080746388412,low,0.031834839488826754,0.5160790790921729,0.9830169677734375,0.053508009592692064,0,1,-0.3936443277481203,32.22161051432283,3.05694580078125,0,56.5875,0,0.95,ok,NA,cap_dem_v1
station,115,Zeltweg,47.19983,14.74689,DGM_AT_5m_epsg31287,5.000000000000002,676.091796875,0.2014948627360047,low,0,0.2,0.7574743136800235,0,0,1,-0.05955655651177949,7.50469970703125,25.0008544921875,0.014441707263064658,0,0,0.95,ok,NA,cap_dem_v1
station,116,Deutschlandsberg,46.82167,15.22694,DGM_AT_5m_epsg31287,5.000000000000002,352.31732177734375,0.2888867558087995,low,0.03945693000456463,0.3837828143643952,0.9065295749240452,0.01180603154500326,0,1,-4.234970680755225,39.365273030598985,16.824676513671875,0,60.075,0,0.95,ok,NA,cap_dem_v1
station,118,Kitzbühel,47.44389,12.38917,DGM_Tirol_5m_epsg31254_2006_2020,5,771.89300537109375,0.3231049748564056,low,0.310710947038714,0.5079302181606887,0.4260795355081466,0.22152517636617036,0,1,-8.451402079051718,230.20152180989567,38.41802978515625,0.05499653979238754,253.005,0,1,ok,NA,cap_dem_v1
station,119,St.Anton am Arlberg,47.13139,10.26667,DGM_Tirol_5m_epsg31254_2006_2020,5,1302.4630126953125,0.6167668848809281,medium,0.6750099400111608,0.861457122428728,0.5666392932322896,0.7060606346130371,0.08942110288361632,1,-47.63455101384375,472.5069580078125,46.7890625,0.028120091611715782,460.03,0.5354828314974932,1,ok,NA,cap_dem_v1
station,120,Ferlach,46.53111,14.31417,DGM_AT_5m_epsg31287,5.000000000000002,458.389892578125,0.05513215515448025,low,0.020528620617921,0.2,0,0,0,1,5.142372167266217,25.602423095703102,39.892852783203125,0.25320038196991296,25.83,0,0.95,ok,NA,cap_dem_v1
station,121,Nauders,46.89111,10.49694,DGM_Tirol_5m_epsg31254_2006_2020,5,1328.31298828125,0.443316992407004,medium,0.4697079496837796,0.7902578804678277,0.26416897511913146,0.5032782656351726,0,1,-49.07129334700039,328.7955647786457,89.0809326171875,0.05724033883290887,453.1075,0,1,ok,NA,cap_dem_v1
station,122,Kanzelhöhe,46.67722,13.90194,DGM_AT_5m_epsg31287,5.000000000000002,1521.1744384765625,0.012167648947541384,low,0.009816389539886696,0.01823488633450734,0,0.0343655331929525,0,0.0911744316725367,120.9499851451842,10.394376627604288,824.98370361328125,0.8386052079801258,47.155,0,0.95,ok,NA,cap_dem_v1
station,124,Seckau,47.27083,14.77861,DGM_AT_5m_epsg31287,5.000000000000002,869.11480712890625,0.09068492170920316,low,0.0870178022726162,0.24931175196531946,0,0.04401688766479493,0,1,0.8179124594296354,71.42095947265625,114.78302001953125,0.3523188064824169,147.185,0,0.95,ok,NA,cap_dem_v1
station,125,Kohlreithberg,48.175835,15.935278,DGM_AT_5m_epsg31287,5.000000000000002,498.5997619628906,0.05,low,0,0.2,0,0,0,1,50.02371797737169,-25.571243286132813,257.9070587158203,0.9780488986387826,0,0,0.95,ok,NA,cap_dem_v1
station,126,Haiming,47.25972,10.88944,DGM_Tirol_5m_epsg31254_2006_2020,5,658.02099609375,0.5521522963845499,medium,0.5643790631079847,0.6180521206025507,0.9492557101779514,0.4446223894755046,0,1,-2.759869440174839,431.4849853515625,9.13397216796875,0,213.0275,0,1,ok,NA,cap_dem_v1
station,127,Rinn,47.24917,11.50389,DGM_Tirol_5m_epsg31254_2006_2020,5,923.7490234375,0.2463487768455772,low,0.5033890179085936,0.2692621937522796,0,0.354573159535726,0,0.9732334180367188,-25.425339342548796,370.6843261718752,164.90203857421875,0.37186211286706705,261.765,0,1,ok,NA,cap_dem_v1
station,129,Lofer Ort,47.58444,12.69528,DGM_AT_5m_epsg31287,5.000000000000002,622.13238525390625,0.4321625513843843,medium,0.3217577796226413,0.6699283813476562,0.7210524759246564,0.2668701063791911,0,1,-10.720376858097096,242.68303629557283,39.68310546875,0.00900314867997647,229.2825,0,0.95,ok,NA,cap_dem_v1
station,130,Sillian,46.74644,12.42358,DGM_Tirol_5m_epsg31254_2006_2020,5,1078.62939453125,0.5763091760048636,medium,0.46292199125744055,0.7685294365609776,0.9733717176649306,0.4918131701151531,0,1,-26.86877312197248,324.0453938802084,4.7930908203125,0,409.6475,0,1,ok,NA,cap_dem_v1
station,131,Salzburg Flughafen,47.78944,13.00861,DGM_AT_5m_epsg31287,5.000000000000002,430.3177185058594,0.24199683295355906,low,0,0.2,0.9599841647677951,0,0,1,-0.03997390598772199,3.771956380208337,7.202850341796875,0,0,0,0.95,ok,NA,cap_dem_v1
station,132,Bad Ischl,47.70619,13.64714,DGM_AT_5m_epsg31287,5.000000000000002,503.8746643066406,0.3096462078202877,low,0.45626973634279683,0.5573652276898188,0,0.37491644541422525,0,0.9841870798482784,-53.6376365442062,321.55940755208337,43.559173583984375,0.12693667697715777,336.385,0,0.95,ok,NA,cap_dem_v1
station,133,Fraxern,47.31417,9.67444,DGM_AT_5m_epsg31287,5.000000000000002,808.6580810546875,0.14854030785349015,low,0.2576922019947166,0.18933847331267661,0,0.24521759351094566,0,0.9466923665633831,18.418306666090643,193.70782877604165,297.64276123046875,0.41872984680109054,233.5525,0,0.95,ok,NA,cap_dem_v1
station,134,Gänserndorf Stadt,48.33778,16.71361,DGM_AT_5m_epsg31287,5.000000000000002,163.4943084716797,0.25807368859347546,low,0,0.29769338176105453,0.918251715766059,0,0,1,-0.8697630244120944,2.901212056477874,14.714691162109375,0,0,0,0.95,ok,NA,cap_dem_v1
station,136,Umhausen,47.13917,10.92889,DGM_Tirol_5m_epsg31254_2006_2020,5,1032.844970703125,0.3220984420914476,low,0.45500622390952794,0.5045643878330617,0,0.41247346623738607,0.13556512813461508,1,-17.018469520374538,326.5495442708334,79.511962890625,0.2215464031664314,302.8075,0.915812778148799,1,ok,NA,cap_dem_v1
station,137,Döllach,46.95806,12.9025,DGM_AT_5m_epsg31287,5.000000000000002,1067.85546875,0.3364514831300518,low,0.55914901297433,0.48228531844114086,0,0.5072860018412273,0,0.918038486060038,-22.206437009998808,391.404309082031,105.5999755859375,0.18845653557689646,351.3675,0,0.95,ok,NA,cap_dem_v1
station,138,Prutz,47.06861,10.66472,DGM_Tirol_5m_epsg31254_2006_2020,5,869.114990234375,0.6423735820881592,medium,0.674488525390625,0.7943026148075794,0.9502946641710068,0.5674457613627116,0,1,-76.80970916199203,472.1419677734375,8.94696044921875,0,398.495,0,1,ok,NA,cap_dem_v1
station,139,Steinach am Brenner,47.09833,11.46611,DGM_Tirol_5m_epsg31254_2006_2020,5,1031.9129638671875,0.5784268510667092,medium,0.47164985584077385,0.8286779052734374,0.8739637087564561,0.523681126912435,0,1,-63.129531474613486,330.1548990885417,21.52593994140625,8.788258333275667e-4,479.5325,0,1,ok,NA,cap_dem_v1
station,140,Bad Tatzmannsdorf,47.328056,16.228056,DGM_AT_5m_epsg31287,5.000000000000002,333.1599426269531,0.3658505102882127,low,0.05963703760819807,0.6622202715568053,0.9269309149848091,0,0,1,-16.905011236248868,49.22863260904944,13.152435302734375,0,143.02,0,0.95,ok,NA,cap_dem_v1
station,141,Ried im Innkreis,48.21722,13.475,DGM_AT_5m_epsg31287,5.000000000000002,428.7293701171875,0.2760528493830539,low,0.003918728937619582,0.39262859633184183,0.8845800903284428,0,0,1,-2.271371110377345,23.36284484863279,20.59173583984375,1.3839776902796328e-4,0.99,0,0.95,ok,NA,cap_dem_v1
station,142,Kufstein,47.57528,12.16278,DGM_Tirol_5m_epsg31254_2006_2020,5,491.9049987792969,0.36638281671301304,low,0.29671500328258166,0.3054131806582969,0.919116719563802,0.2135161787668864,0,0.7267185757934664,-5.73785298665365,238.340311686198,14.558990478515623,0,164.2325,0,1,ok,NA,cap_dem_v1
station,144,Micheldorf,47.88388,14.117222,DGM_AT_5m_epsg31287,5.000000000000002,440.442626953125,0.3137676783829797,low,0.06797320050357766,0.4293067029731382,0.9155490451388889,0.04225262324015301,0,0.6320387006367624,-3.5320252731548294,61.94706726074219,15.201171875,0,89.165,0,0.95,ok,NA,cap_dem_v1
station,145,Salzburg Freisaal,47.79111,13.05417,DGM_AT_5m_epsg31287,5.000000000000002,420.4736633300781,0.36504254749294485,low,0.03274069647032812,0.6540952392578125,0.9444654676649306,0.029603133519490586,0,1,-3.909146947807187,33.32840983072913,9.9962158203125,0,55.2725,0,0.95,ok,NA,cap_dem_v1
station,146,Holzgau,47.25758,10.33867,DGM_Tirol_5m_epsg31254_2006_2020,5,1090.5550537109375,0.6725594284361514,medium,0.6889899553571428,0.7797931274376892,0.9197665744357639,0.6739681777954102,0.1354341078731937,1,-37.926063899219116,482.29296875,14.4420166015625,0,403.76,0.9146093634880686,1,ok,NA,cap_dem_v1
station,147,Gröbming,47.44678,13.90422,DGM_AT_5m_epsg31287,5.000000000000002,764.21258544921875,0.19135297567068177,low,0.18641252337505834,0.4939680873459987,0,0.14171881993611665,0,1,-6.790377431428169,143.24567057291665,96.94329833984375,0.15040928874404058,207.2725,0,0.95,ok,NA,cap_dem_v1
station,148,Weitra,48.70222,14.89861,DGM_AT_5m_epsg31287,5.000000000000002,573.44891357421875,0.055810622277499666,low,0.023242489109998658,0.2,0,0,0,1,11.889462468026181,29.735685221354174,67.682159423828125,0.38133135869452384,23.6975,0,0.95,ok,NA,cap_dem_v1
station,149,Mallnitz,46.99194,13.16667,DGM_AT_5m_epsg31287,5.000000000000002,1194.720947265625,0.6623236181314223,medium,0.6972036946614584,0.8150084644127242,0.8465703324195464,0.766376745859782,0,1,-48.975509676898355,488.0425862630209,21.919677734375,0.004325139788517965,417.3375,0,0.95,ok,NA,cap_dem_v1
station,150,Spittal an der Drau,46.7905,13.48725,DGM_AT_5m_epsg31287,5.000000000000002,540.7313232421875,0.29229608792243544,low,0.09128862860641007,0.29049440548689615,0.9162200927734375,0.0907087389628093,0,1,-0.10639927289173556,81.56949869791674,15.08038330078125,0,97.63,0,0.95,ok,NA,cap_dem_v1
station,151,Achenkirch,47.49944,11.70667,DGM_Tirol_5m_epsg31254_2006_2020,5,930.56597900390625,0.5391155739372314,medium,0.46219174302821914,0.6681250532157694,0.9551612006293404,0.43669423166910815,0,1,-33.29368834130639,323.84561767578134,8.07098388671875,0,348.0275,0,1,ok,NA,cap_dem_v1
station,152,Laa an der Thaya Kläranlage,48.73139,16.38972,DGM_AT_5m_epsg31287,5.000000000000002,181.18624877929688,0.2645444405825199,low,0,0.2716403545609824,0.9831717597113715,0,0,1,-2.3731007331662113e-5,3.3217183430989508,3.029083251953125,0,0,0,0.95,ok,NA,cap_dem_v1
station,153,Präbichl,47.52158,14.95416,DGM_AT_5m_epsg31287,5.000000000000002,1214.7235107421875,0.3743008916039636,low,0.5451389276413693,0.6411863497425028,0,0.5181304817199708,0,1,-54.789541350885884,381.5972493489585,154.60595703125,0.20119723183391003,398.28,0,0.95,ok,NA,cap_dem_v1
station,154,Fürstenfeld,47.03083,16.08083,DGM_AT_5m_epsg31287,5.000000000000002,271.1659240722656,0.05,low,0,0.2,0,0,0,1,0.3696106597280391,15.750138346354163,27.162017822265625,0.20778178345800147,0,0,0.95,ok,NA,cap_dem_v1
station,155,Oberndorf an der Melk,48.06239,15.21381,DGM_AT_5m_epsg31287,5.000000000000002,294.7032775878906,0.30083306231992524,low,0.03300971445404628,0.4488291369222124,0.8996856689453125,0.002908104578653976,0,1,-4.994877964837997,35.1055908203125,18.05657958984375,0,46.3525,0,0.95,ok,NA,cap_dem_v1
station,156,St.Johann im Pongau,47.31981,13.18672,DGM_AT_5m_epsg31287,5.000000000000002,632.82623291015625,0.2531477152978684,low,0.36607555208256165,0.44028381382387777,0,0.3437191588083903,0,1,-9.858067919777454,259.166650390625,69.181884765625,0.2402383077657609,327.6175,0,0.95,ok,NA,cap_dem_v1
station,157,Kollerschlag,48.60278,13.83917,DGM_AT_5m_epsg31287,5.000000000000002,711.908935546875,0.06995447346268532,low,0.06533963938130932,0.204808071669139,0,0.016116971333821627,0,1,-10.16702667468553,57.06617228190112,70.41046142578125,0.35751499678269716,108.655,0,0.95,ok,NA,cap_dem_v1
station,158,Hohenau,48.605835,16.913055,DGM_AT_5m_epsg31287,5.000000000000002,151.12118530273438,0.24544459370350627,low,0,0.20580425372027503,0.9699676513671875,0,0,1,-0.17191263369059584,3.9027099609375,5.40582275390625,0,0,0,0.95,ok,NA,cap_dem_v1
station,159,Reichersberg,48.33111,13.37611,DGM_AT_5m_epsg31287,5.000000000000002,352.8736267089844,0.20449261328783713,low,0,0.2,0.7724630664391857,0,0,1,0.21806529408348752,3.7818603515625,34.3809814453125,0.00541879762209596,0,0,0.95,ok,NA,cap_dem_v1
station,160,Waizenkirchen,48.32656,13.86458,DGM_AT_5m_epsg31287,5.000000000000002,402.39501953125,0.05,low,0,0.2,0,0,0,1,7.830702059982627,4.8461181640625455,50.118408203125,0.4992249456769961,0,0,0.95,ok,NA,cap_dem_v1
station,161,Reichenau am Mühlkreis,48.45917,14.34556,DGM_AT_5m_epsg31287,5.000000000000002,687.5760498046875,0.20434757364535255,low,0.12556007411083125,0.5148948482044344,0.17763530076664064,0.058045219421386726,0,0.9905850268185312,-3.6160295689956,91.19913736979174,77.75408935546875,0.08247358478815935,282.7975,0,0.95,ok,NA,cap_dem_v1
station,162,Aspach,48.18306,13.3,DGM_AT_5m_epsg31287,5.000000000000002,430.16961669921875,0.3518784324793826,low,0.032439917569355506,0.6526013459853277,0.903090582953559,0,0,1,-6.624717858966733,36.44443766276038,17.443695068359375,0,37.5425,0,0.95,ok,NA,cap_dem_v1
station,163,Mondsee,47.85083,13.34722,DGM_AT_5m_epsg31287,5.000000000000002,481.42034912109375,0.3952098642611259,low,0.08851036120404931,0.6717040588378906,0.98271942138671875,0.05741583315531413,0,1,-6.895884285248314,69.61049397786462,3.110504150390625,0,183.275,0,0.95,ok,NA,cap_dem_v1
station,164,Berndorf,47.93917,16.10111,DGM_AT_5m_epsg31287,5.000000000000002,335.9734802246094,0.12270950243665425,low,0.12799382629522732,0.32857697960283305,0.006757772854213805,0.04810164260864258,0,0.9143755959240215,-9.861417102362793,100.83627929687498,33.7669677734375,0.11900181312369379,181.63,0,0.95,ok,NA,cap_dem_v1
station,165,Abtenau,47.56667,13.34333,DGM_AT_5m_epsg31287,5.000000000000002,709.6650390625,0.12411288280172315,low,0.08149824597702532,0.3976944099552091,0,0.028764792124430356,0,1,-10.492248714488824,65.30841878255205,74.74462890625,0.3443797054915855,166.2625,0,0.95,ok,NA,cap_dem_v1
station,166,Hall bei Admont,47.59444,14.49083,DGM_AT_5m_epsg31287,5.000000000000002,634.8763427734375,0.29368612858642207,low,0.21314202159579415,0.23991864501727134,0.779440294170478,0.1635526873270671,0,1,-9.48013984151737,163.5897379557291,21.95733642578125,0.013472370223778353,208.6075,0,0.95,ok,NA,cap_dem_v1
station,167,Mürzzuschlag,47.60222,15.67278,DGM_AT_5m_epsg31287,5.000000000000002,701.18841552734375,0.16606950617931054,low,0.15910841715315066,0.35315619229418777,0.09406483808762377,0.12793590799967455,0,0.6048401266244368,0.7680570768992538,115.62384033203136,46.5955810546875,0.10476961618845936,282.005,0,0.95,ok,NA,cap_dem_v1
station,169,Pottschach,47.70083,16.00806,DGM_AT_5m_epsg31287,5.000000000000002,415.6089782714844,0.07735617305037722,low,0.06860335070610214,0.2,0.04094864675985291,0.013437373479207357,0,1,3.7673715265154897,59.343678792317746,25.93377685546875,0.11425902217916335,113.7425,0,0.95,ok,NA,cap_dem_v1
station,170,Aspang,47.575,16.10139,DGM_AT_5m_epsg31287,5.000000000000002,451.7339172363281,0.47940582735181547,medium,0.27996995617094494,0.7544354396298851,0.8967848036024305,0.27631678454081227,0,0.8615970589892697,-43.7866741599517,195.97896931966147,18.5787353515625,0,452.83,0,0.95,ok,NA,cap_dem_v1
station,171,Dornbirn,47.4325,9.72556,DGM_AT_5m_epsg31287,5.000000000000002,409.28314208984375,0.2723845315508335,low,0,0.3228123232519449,0.9584072536892361,0,0,1,-1.0834999345324832,7.23345133463539,7.4866943359375,0,0,0,0.95,ok,NA,cap_dem_v1
station,172,Schoppernau,47.31139,10.01778,DGM_AT_5m_epsg31287,5.000000000000002,838.27435302734375,0.5355015317959559,medium,0.4796994222005209,0.7232812854792792,0.7725390423319952,0.5349903093973796,0,1,-35.54513827833284,335.78959554036464,26.199951171875,0.011503003792807508,377.9275,0,0.95,ok,NA,cap_dem_v1
station,173,Schröcken,47.26167,10.08611,DGM_AT_5m_epsg31287,5.000000000000002,1247.3818359375,0.4542180635382726,medium,0.5661173328218004,0.7448355351805201,0.06873826122889082,0.6984233296712241,0.05312463227487141,0.6568724151949206,-31.29977889977863,396.2821329752603,157.4842529296875,0.054057420439683625,468.8075,0.29017079547445856,0.95,ok,NA,cap_dem_v1
station,174,Mittelberg,47.32333,10.1525,DGM_AT_5m_epsg31287,5.000000000000002,1201.9984130859375,0.3321700892449154,low,0.592102938468023,0.42920729750944153,0,0.5122835350036622,0,1,-31.804794160343818,419.03924153645835,115.9521484375,0.2676160622227758,328.28,0,0.95,ok,NA,cap_dem_v1
station,175,Innsbruck Flughafen,47.25999,11.35667,DGM_Tirol_5m_epsg31254_2006_2020,5,576.70001220703125,0.34212893546913,low,0.07486524333938467,0.49084331762384575,0.9781443277994791,0.03381953112284346,0,1,-0.2722123045330136,66.2059448242187,3.93402099609375,0,102.455,0,1,ok,NA,cap_dem_v1
station,176,Hahnenkamm-Ehrenbachhöhe,47.41831,12.35928,DGM_Tirol_5m_epsg31254_2006_2020,5,1793.5159912109375,0.05,low,0,0.2,0,0,0,1,123.46024568775942,-94.66591389973952,596.33203125,1,0,0,1,ok,NA,cap_dem_v1
station,178,Hochfilzen,47.47028,12.62111,DGM_Tirol_5m_epsg31254_2006_2020,5,962.09197998046875,0.22873435418050747,low,0.20525924698668316,0.518628357176436,0.12679725200387515,0.1493533515930176,0,1,-23.26165351947418,152.41864827473955,64.23797607421875,0.09634094022889882,249.8425,0,1,ok,NA,cap_dem_v1
station,179,Ramsau am Dachstein,47.42514,13.63428,DGM_AT_5m_epsg31287,5.000000000000002,1206.187744140625,0.23780826470799574,low,0.18070938499563788,0.2,0,0.13396337381998707,0.8169094159072547,1,1.4201682827435889,140.3358317057291,95.0772705078125,0.3569718358591101,195.925,49.285987180699486,0.95,ok,NA,cap_dem_v1
station,180,Rechnitz,47.30139,16.45417,DGM_AT_5m_epsg31287,5.000000000000002,306.7279052734375,0.14337891954207108,low,0.031142521135988848,0.27477971097174725,0.3325231400685137,0.0026248900095621817,0,1,-1.7034478157207786,33.767079671223996,23.415496826171875,0.0741302001162501,42.9775,0,0.95,ok,NA,cap_dem_v1
station,181,Bludenz,47.14778,9.82944,DGM_AT_5m_epsg31287,5.000000000000002,571.1527099609375,0.2733348352924945,low,0.12670057824662131,0.2,0.8821330722226162,0.1015538419087729,0,1,-3.249699750895502,106.36090087890625,20.89495849609375,2.4217095885861368e-4,131.5675,0,0.95,ok,NA,cap_dem_v1
station,182,Oberwölz,47.20206,14.28669,DGM_AT_5m_epsg31287,5.000000000000002,841.8173828125,0.2512241606436323,low,0.4005607644364388,0.3725105031533491,0,0.38637562497456873,0,0.540825446239704,-22.3758456912401,281.7931884765626,46.111083984375,0.141480056467462,339.9225,0,0.95,ok,NA,cap_dem_v1
station,183,Güssing,47.0625,16.32186,DGM_AT_5m_epsg31287,5.000000000000002,215.76634216308594,0.33019813668948883,low,0.009463509273695951,0.5341211924321758,0.9715098063151042,0,0,1,-4.959446794670043,18.094621785481763,5.12823486328125,0,7.5475,0,0.95,ok,NA,cap_dem_v1
station,184,Pitztaler Gletscher,46.92706,10.87914,DGM_Tirol_5m_epsg31254_2006_2020,5,2859.111083984375,0.2679891764782421,low,0.24258092856524233,0.0998849295694058,0,0.21581807963053393,1,0.499424647847029,-33.79411418156633,182.35791015625,684.132080078125,0.5655474513169003,233.4875,193.59493113115033,1,ok,NA,cap_dem_v1
station,185,St.Jakob im Defereggental,46.91694,12.35389,DGM_Tirol_5m_epsg31254_2006_2020,5,1381.5152587890625,0.5858375312050064,medium,0.7598063732328868,0.7848607472736833,0.4971729607079988,0.6610347976684571,0.00720626190997008,0.884705489619505,-84.72382443984975,531.8644612630208,58.8118896484375,0.03138622493461203,433.5025,0.03516384934828957,1,ok,NA,cap_dem_v1
station,186,Flattnitz,46.94083,14.03611,DGM_AT_5m_epsg31287,5.000000000000002,1433.38818359375,0.1805433575528069,low,0.25504207865384027,0.34885334557594194,0,0.19713000996907556,0,0.96434044336802,-9.955143080034986,184.7273030598958,247.6336669921875,0.3034220269194838,287.3425,0,0.95,ok,NA,cap_dem_v1
station,187,Friesach,46.95861,14.40583,DGM_AT_5m_epsg31287,5.000000000000002,636.86541748046875,0.4269393034905935,medium,0.2811956291030514,0.5166710775215404,0.9452470567491319,0.25615476989746094,0,1,-1.3293278022532604,211.25882568359373,9.85552978515625,0,234.26,0,0.95,ok,NA,cap_dem_v1
station,188,Völkermarkt-Goldbrunnhof,46.670834,14.639167,DGM_AT_5m_epsg31287,5.000000000000002,467.49847412109375,0.18123899653499448,low,0.04479106469238533,0.3815615849571189,0.36753152771453246,0.0076301905314127665,0,1,0.12349925538120488,41.854726155598996,74.413604736328125,0.04481341011018216,79.67,0,0.95,ok,NA,cap_dem_v1
station,189,Melk,48.20972,15.33139,DGM_AT_5m_epsg31287,5.000000000000002,306.4346923828125,0.025378103567519433,low,0.016551559631305002,0.08496085463877273,0,0,0,0.4248042731938636,17.289066375330094,23.225238037109364,77.28431701660156,0.5659541784011569,17.61,0,0.95,ok,NA,cap_dem_v1
station,190,Frankenmarkt,47.99139,13.42306,DGM_AT_5m_epsg31287,5.000000000000002,567.03839111328125,0.02954401079177736,low,0,0.11817604316710945,0,0,0,0.5908802158355472,20.99896790966841,-8.971201578776117,64.464111328125,0.6484187945470902,0,0,0.95,ok,NA,cap_dem_v1
station,192,Wachtberg bei Steyr,48.0475,14.46111,DGM_AT_5m_epsg31287,5.000000000000002,384.17669677734375,0.05,low,0,0.2,0,0,0,1,27.88300735608715,3.4099527994791288,99.809722900390625,0.5973706061444782,0,0,0.95,ok,NA,cap_dem_v1
station,193,Jauerling,48.33447,15.33911,DGM_AT_5m_epsg31287,5.000000000000002,951.79913330078125,0.05,low,0,0.2,0,0,0,1,30.81719569411655,-15.00953776041672,291.69171142578125,0.9772629772629773,0,0,0.95,ok,NA,cap_dem_v1
station,195,Mittersill,47.279167,12.495833,DGM_AT_5m_epsg31287,5.000000000000002,782.4041748046875,0.4678965279555479,medium,0.3899659960179631,0.5141705196111268,0.9745405409071181,0.3130286057790121,0,1,-10.146665787219035,291.7652425130209,4.58270263671875,0,239.655,0,0.95,ok,NA,cap_dem_v1
station,196,Patscherkofel,47.20889,11.46222,DGM_Tirol_5m_epsg31254_2006_2020,5,2248.507080078125,0.04257470638362877,low,0,0.17029882553451509,0,0,0,0.8514941276725754,168.7816313536332,-146.878173828125,859.551025390625,1,0,0,1,ok,NA,cap_dem_v1
station,197,Seibersdorf,47.975,16.504444,DGM_AT_5m_epsg31287,5.000000000000002,185.39634704589844,0.24282001071506076,low,0,0.2,0.9641000535753038,0,0,1,1.426592245700789,1.7860565185546875,6.4619903564453125,0,0,0,0.95,ok,NA,cap_dem_v1
station,198,Pörtschach,46.63083,14.16528,DGM_AT_5m_epsg31287,5.000000000000002,450.6712646484375,0.28108422734274924,low,0.14055820780069786,0.2,0.9368711683485244,0.05713627815246582,0,1,-12.472310575662334,109.19319458007817,11.363189697265625,0,195.5625,0,0.95,ok,NA,cap_dem_v1
station,199,Horn Wasserwerk,48.674999,15.643888,DGM_AT_5m_epsg31287,5.000000000000002,306.35076904296875,0.365924566414808,low,0.024609721279891462,0.6681540283203125,0.9636681450737847,0,0,1,-8.684443285250836,31.46800537109374,6.53973388671875,0,23.74,0,0.95,ok,NA,cap_dem_v1
station,200,Gleisdorf,47.11556,15.70806,DGM_AT_5m_epsg31287,5.000000000000002,376.2118225097656,0.06588289393128019,low,0.059063661716026505,0.2,0,0.007446523348490399,0,1,-1.8401214745021548,52.726595052083326,29.079010009765625,0.28536333880019654,98.05,0,0.95,ok,NA,cap_dem_v1
station,201,Weiz,47.218334,15.634444,DGM_AT_5m_epsg31287,5.000000000000002,464.5995788574219,0.2301747223096914,low,0.054700730600051525,0.38911264690958797,0.5693468732200625,0.03568002192179362,0,1,-7.170554012843809,51.65377400716147,27.291778564453125,0.039468039468039465,76.0575,0,0.95,ok,NA,cap_dem_v1
station,202,Wörterberg,47.22619,16.09678,DGM_AT_5m_epsg31287,5.000000000000002,403.5271911621094,0.033491905217592995,low,0,0.13396762087037198,0,0,0,0.6698381043518599,22.705165026894804,-5.976209513346362,101.79818725585938,0.8587365740228103,0,0,0.95,ok,NA,cap_dem_v1
station,203,Fresach,46.71528,13.68528,DGM_AT_5m_epsg31287,5.000000000000002,680.97808837890625,0.18167406253900806,low,0.2445006795852568,0.3697017065113271,0,0.1874897734324138,0,1,-22.228522945539453,177.72112019856775,179.488525390625,0.3400758446016082,281.62,0,0.95,ok,NA,cap_dem_v1
station,204,Kremsmünster,48.055,14.13111,DGM_AT_5m_epsg31287,5.000000000000002,384.80914306640625,0.08480668151994326,low,0.07665589140752171,0.25946216596345006,0,0.005181114514668787,0,1,14.077780261563646,61.00188191731769,51.600830078125,0.24136451702186548,172.3525,0,0.95,ok,NA,cap_dem_v1
station,205,Feuerkogel,47.81667,13.71778,DGM_AT_5m_epsg31287,5.000000000000002,1616.807373046875,0.02029046435875728,low,0,0.08116185743502911,0,0,0,0.40580928717514553,150.28113296737865,-16.98821614583335,826.17620849609375,0.9224078879086663,17.2575,0,0.95,ok,NA,cap_dem_v1
station,206,Loibl Tunnel,46.44389,14.24917,DGM_AT_5m_epsg31287,5.000000000000002,1096.0367431640625,0.33346838450840166,low,0.46718744768415166,0.5816539309256268,0,0.47505359903971356,0,0.987214735389015,-43.80744148782651,327.03121337890616,258.4365234375,0.1793308653080995,387.9525,0,0.95,ok,NA,cap_dem_v1
station,210,St.Leonhard im Pitztal,47.02722,10.86556,DGM_Tirol_5m_epsg31254_2006_2020,5,1451.3499755859375,0.9305559140446428,high,1,1,0.6664103334342405,1,0.981825649051965,1,-134.36946020189566,826.3909912109375,31.700927734375,0.02293625588973991,518.2025,109.90014093086428,1,ok,NA,cap_dem_v1
station,213,Sonnblick,47.05417,12.9575,DGM_AT_5m_epsg31287,5.000000000000002,3097.369873046875,0,low,0,0,0,0,0,0,271.7348406936899,-160.32518717447874,1107.5345458984375,1,0,0,0.95,ok,NA,cap_dem_v1
station,214,Söll,47.50306,12.20028,DGM_Tirol_5m_epsg31254_2006_2020,5,696.7969970703125,0.2187015886850836,low,0.26023118132108314,0.4204801890339383,0.09256441109992732,0.20007242584228524,0,0.9922554704828448,-5.84559953765006,200.48554484049487,74.864990234375,0.10098263095979516,204.435,0,1,ok,NA,cap_dem_v1
station,215,Gars am Kamp,48.59194,15.7,DGM_AT_5m_epsg31287,5.000000000000002,271.856689453125,0.341723611044081,low,0.016545096268008003,0.585636484410052,0.9558910793728299,0,0,1,-1.606176198975163,26.254838053385413,7.939605712890625,0,12.267500000000254,0,0.95,ok,NA,cap_dem_v1
station,217,Kapfenberg Flugfeld,47.45833,15.33556,DGM_AT_5m_epsg31287,5.000000000000002,514.57794189453125,0.34450097029228827,low,0.07323748683060237,0.535520696087886,0.9266852484809027,0.04649583244323731,0,1,-3.0055867461678645,66.9589965820312,13.1966552734375,0,87.875,0,0.95,ok,NA,cap_dem_v1
station,218,Andau,47.77,17.03556,DGM_AT_5m_epsg31287,5.000000000000002,117.2933120727539,0.2454461161295573,low,0,0.2,0.9772305806477865,0,0,1,0.2518898517194259,1.435763041178376,4.0984954833984375,0,0,0,0.95,ok,NA,cap_dem_v1
station,220,Gaschurn,46.980278,10.031667,DGM_AT_5m_epsg31287,5.000000000000002,983.16973876953125,0.6791060020856657,medium,0.741776152111235,0.9096178833007813,0.7193707820126125,0.8158889122009277,0,1,-45.16687294549729,519.2433064778645,37.3397216796875,0.011081041797883459,465.5,0,0.95,ok,NA,cap_dem_v1
station,221,Stockerau,48.409833,16.190861,DGM_AT_5m_epsg31287,5.000000000000002,210.39857482910156,0.05,low,0,0.2,0,0,0,1,3.354906579080591,1.9270955403645758,35.40837097167969,0.3883864628669882,0,0,0.95,ok,NA,cap_dem_v1
station,222,Wolkersdorf,48.388056,16.508889,DGM_AT_5m_epsg31287,5.000000000000002,173.18560791015625,0.3643965312792187,low,0.04746445564473119,0.6467645226368166,0.9524055480957031,0.0023878472646077452,0,1,-7.601824801977642,45.294938151041606,8.5670013427734375,0,72.63,0,0.95,ok,NA,cap_dem_v1
station,500,Litschau,48.95464,15.03831,DGM_AT_5m_epsg31287,5.000000000000002,556.211669921875,0.06803125797059886,low,0,0.27212503188239545,0,0,0,1,3.6488465520046702,23.45390218098953,45.92303466796875,0.17762247439800719,0,0,0.95,ok,NA,cap_dem_v1
station,726,Raabs an der Thaya,48.84806,15.50194,DGM_AT_5m_epsg31287,5.000000000000002,456.6430358886719,0.0585619369571062,low,0.02182539884674084,0.21242234898168397,0,0,0,1,12.67860122505624,27.2833251953125,64.423736572265625,0.24870071901621418,25.625,0,0.95,ok,NA,cap_dem_v1
station,905,Retz,48.76111,15.94167,DGM_AT_5m_epsg31287,5.000000000000002,318.0804748535156,0.04432281933041665,low,0.008507608038042867,0.16878366928362373,0,0,0,0.8439183464181186,18.70206884509497,12.929324340820301,78.005584716796875,0.7787472237021457,13.8725,0,0.95,ok,NA,cap_dem_v1
station,1401,Kollerschlag,48.60278,13.83917,DGM_AT_5m_epsg31287,5.000000000000002,711.908935546875,0.06995447346268532,low,0.06533963938130932,0.204808071669139,0,0.016116971333821627,0,1,-10.16702667468553,57.06617228190112,70.41046142578125,0.35751499678269716,108.655,0,0.95,ok,NA,cap_dem_v1
station,1415,Rohrbach,48.56961,13.99406,DGM_AT_5m_epsg31287,5.000000000000002,595.9375,0.06050986949255996,low,0.041077529956934165,0.2,0,0.0016032466888427765,0,1,-1.5788221288120212,40.50934041341145,59.25555419921875,0.35186543411474913,63.0775,0,0.95,ok,NA,cap_dem_v1
station,1416,Rohrbach,48.56722,14.00444,DGM_AT_5m_epsg31287,5.000000000000002,612.10400390625,0.055810529381017895,low,0.02324211752407157,0.2,0,0,0,1,3.4961077390913715,26.731209309895803,102.2535400390625,0.7222153019985605,34.4125,0,0.95,ok,NA,cap_dem_v1
station,1601,Freistadt,48.506111,14.506111,DGM_AT_5m_epsg31287,5.000000000000002,545.66644287109375,0.38382802727659837,low,0.08735136958918145,0.6760350952148437,0.93956298828125,0.03379208946228031,0,1,-10.259408116289023,72.23830973307292,10.878662109375,0,141.715,0,0.95,ok,NA,cap_dem_v1
station,1602,Freistadt,48.49472,14.50639,DGM_AT_5m_epsg31287,5.000000000000002,537.41607666015625,0.36291023092644925,low,0.09269088594538448,0.6806180786132813,0.814836235993698,0.044104950586954766,0,1,-16.823179306209454,76.28642985026045,23.78814697265625,0.007329531297583123,145.1675,0,0.95,ok,NA,cap_dem_v1
station,1711,Liebenau-Gugu,48.5522,14.732778,DGM_AT_5m_epsg31287,5.000000000000002,844.9971923828125,0.3755531648539232,low,0.04353781039293344,0.6776518798828125,0.9761267768012153,2.0257949829102228e-4,0,1,-11.915942078182752,41.814607747395826,4.29718017578125,0,70.6375,0,0.95,ok,NA,cap_dem_v1
station,1730,Schwarzau im Freiwald,48.668056,14.739445,DGM_AT_5m_epsg31287,5.000000000000002,787.3914794921875,0.4340783371153331,medium,0.16426691545758915,0.7360839355468749,0.9577891031901041,0.11621869150797527,0,1,-19.73209159259136,114.98684082031241,7.59796142578125,0,414.91,0,0.95,ok,NA,cap_dem_v1
station,1802,Weitra,48.70222,14.89861,DGM_AT_5m_epsg31287,5.000000000000002,573.44891357421875,0.055810622277499666,low,0.023242489109998658,0.2,0,0,0,1,11.889462468026181,29.735685221354174,67.682159423828125,0.38133135869452384,23.6975,0,0.95,ok,NA,cap_dem_v1
station,1906,Allentsteig,48.69083,15.36694,DGM_AT_5m_epsg31287,5.000000000000002,597.8096923828125,0.05,low,0,0.2,0,0,0,1,10.181610340204998,-3.461289469400981,50.4134521484375,0.41310561026414677,0,0,0.95,ok,NA,cap_dem_v1
station,1920,Stift Zwettl,48.61778,15.20361,DGM_AT_5m_epsg31287,5.000000000000002,502.1885986328125,0.38881099447057127,low,0.08987583679273964,0.7076309692382812,0.941983879937066,0.006916779836018878,0,1,-26.6115160495782,63.921398925781205,10.442901611328125,0,319.005,0,0.95,ok,NA,cap_dem_v1
station,2114,Horn,48.67056,15.65361,DGM_AT_5m_epsg31287,5.000000000000002,317.2923278808594,0.21425784942183462,low,0,0.2,0.821289247109173,0,0,1,6.599768965040369,9.632116699218727,24.473785400390625,0.005936607000768023,0,0,0.95,ok,NA,cap_dem_v1
station,2115,Gars am Kamp,48.59556,15.66778,DGM_AT_5m_epsg31287,5.000000000000002,261.23333740234375,0.34369008590006367,low,0.08873900459648743,0.5612592376396314,0.8966270446777344,0.012434109369913737,0,0.519613481653636,-23.05587186495586,66.832977294921875,18.607131958007813,0,231.1200000000048,0,0.95,ok,NA,cap_dem_v1
station,2116,Gars am Kamp,48.59194,15.7,DGM_AT_5m_epsg31287,5.000000000000002,271.856689453125,0.341723611044081,low,0.016545096268008003,0.585636484410052,0.9558910793728299,0,0,1,-1.606176198975163,26.254838053385413,7.939605712890625,0,12.267500000000254,0,0.95,ok,NA,cap_dem_v1
station,2117,Horn Wasserwerk,48.674999,15.643888,DGM_AT_5m_epsg31287,5.000000000000002,306.35076904296875,0.365924566414808,low,0.024609721279891462,0.6681540283203125,0.9636681450737847,0,0,1,-8.684443285250836,31.46800537109374,6.53973388671875,0,23.74,0,0.95,ok,NA,cap_dem_v1
station,2207,Schöngrabern,48.60333,16.06167,DGM_AT_5m_epsg31287,5.000000000000002,252.4062042236328,0.21276853094772658,low,0,0.2,0.8138426547386328,0,0,1,2.5854842750239584,12.035985310872434,22.773727416992188,0.00819297784297715,0,0,0.95,ok,NA,cap_dem_v1
station,2401,Laa an der Thaya Kläranlage,48.73139,16.38972,DGM_AT_5m_epsg31287,5.000000000000002,181.18624877929688,0.2645444405825199,low,0,0.2716403545609824,0.9831717597113715,0,0,1,-2.3731007331662113e-5,3.3217183430989508,3.029083251953125,0,0,0,0.95,ok,NA,cap_dem_v1
station,2415,Leiser Berge,48.55889,16.37167,DGM_AT_5m_epsg31287,5.000000000000002,456.4375305175781,0.03726801889275744,low,0,0.14907207557102975,0,0,0,0.7453603778551487,66.71193356115072,-25.462988281249977,188.42190551757813,0.9209568490686152,0,0,0.95,ok,NA,cap_dem_v1
station,2430,Mistelbach,48.57083,16.60944,DGM_AT_5m_epsg31287,5.000000000000002,191.57603454589844,0.31702367265016473,low,0.033120107731705414,0.4732805181988148,0.9521175808376736,0,0,1,-7.481152933708216,36.82421875,8.61883544921875,0,39.04000000000081,0,0.95,ok,NA,cap_dem_v1
station,2503,Poysdorf Ost,48.66917,16.6375,DGM_AT_5m_epsg31287,5.000000000000002,200.13339233398438,0.32561029814027964,low,0.0613639250100554,0.4935180106159435,0.9330253601074219,0.0018982814153035489,0,1,-11.86524964298718,50.327914428710926,12.055435180664063,0,147.735,0,0.95,ok,NA,cap_dem_v1
station,2601,Hohenau,48.61639,16.90444,DGM_AT_5m_epsg31287,5.000000000000002,154.6463623046875,0.24053697374131944,low,0,0.2,0.9526848687065972,0,0,1,-0.020017844641841975,17.96319580078125,8.5167236328125,0,0,0,0.95,ok,NA,cap_dem_v1
station,2602,Hohenau,48.605835,16.913055,DGM_AT_5m_epsg31287,5.000000000000002,151.12118530273438,0.24544459370350627,low,0,0.20580425372027503,0.9699676513671875,0,0,1,-0.17191263369059584,3.9027099609375,5.40582275390625,0,0,0,0.95,ok,NA,cap_dem_v1
station,2902,Reichersberg,48.33111,13.37611,DGM_AT_5m_epsg31287,5.000000000000002,352.8736267089844,0.20449261328783713,low,0,0.2,0.7724630664391857,0,0,1,0.21806529408348752,3.7818603515625,34.3809814453125,0.00541879762209596,0,0,0.95,ok,NA,cap_dem_v1
station,2910,Schärding,48.46428,13.43453,DGM_AT_5m_epsg31287,5.000000000000002,309.1115417480469,0.28018429173765236,low,0.03304968726378581,0.3194250827684208,0.9603279961480035,0,0,1,1.9430119579480447,34.6336700439453,7.140960693359375,0,49.145,0,0.95,ok,NA,cap_dem_v1
station,3111,Waizenkirchen,48.32656,13.86458,DGM_AT_5m_epsg31287,5.000000000000002,402.39501953125,0.05,low,0,0.2,0,0,0,1,7.830702059982627,4.8461181640625455,50.118408203125,0.4992249456769961,0,0,0.95,ok,NA,cap_dem_v1
station,3202,Linz Stadt,48.29639,14.28528,DGM_AT_5m_epsg31287,5.000000000000002,263.1262512207031,0.2654382242511043,low,0.07682021009426963,0.23639905467409067,0.9231800503200955,0.01664931996663412,0,1,-14.139246774354262,61.671110026041674,13.827590942382813,0,164.7225,0,0.95,ok,NA,cap_dem_v1
station,3315,Reichenau im Mühlkreis,48.45917,14.34556,DGM_AT_5m_epsg31287,5.000000000000002,687.5760498046875,0.20434757364535255,low,0.12556007411083125,0.5148948482044344,0.17763530076664064,0.058045219421386726,0,0.9905850268185312,-3.6160295689956,91.19913736979174,77.75408935546875,0.08247358478815935,282.7975,0,0.95,ok,NA,cap_dem_v1
station,3411,Pabneukirchen,48.340833,14.8525,DGM_AT_5m_epsg31287,5.000000000000002,617.673095703125,0.37509180218870847,low,0.12911540054458648,0.7120530517578125,0.7741082411359171,0.06652027257283531,0,1,-28.243519657378215,90.7546264648438,36.872314453125,0.00317607495260106,341.6275,0,0.95,ok,NA,cap_dem_v1
station,3425,Bad Zell,48.355,14.66361,DGM_AT_5m_epsg31287,5.000000000000002,551.94659423828125,0.05021813112779408,low,8.725245111763161e-4,0.2,0,0,0,1,15.983832523780166,3.9411417643228788,61.5858154296875,0.5286286611819572,1.48,0,0.95,ok,NA,cap_dem_v1
station,3520,Bärnkopf,48.39111,15.00278,DGM_AT_5m_epsg31287,5.000000000000002,966.59539794921875,0.05000718330861969,low,2.873323447874883e-5,0.2,0,0,0,1,13.693114152753878,7.917429606119754,130.05615234375,0.7727436298459537,0.015,0,0.95,ok,NA,cap_dem_v1
station,3702,Jauerling Gipfel,48.33447,15.33911,DGM_AT_5m_epsg31287,5.000000000000002,951.79913330078125,0.05,low,0,0.2,0,0,0,1,30.81719569411655,-15.00953776041672,291.69171142578125,0.9772629772629773,0,0,0.95,ok,NA,cap_dem_v1
station,3805,Krems,48.41861,15.62222,DGM_AT_5m_epsg31287,5.000000000000002,201.45343017578125,0.27210898372227654,low,0.10263365878385128,0.21633626408302434,0.9393022325303819,0.03004037666320801,0,1,-9.286548668311042,80.83554890950518,10.92559814453125,0,181.8825,0,0.95,ok,NA,cap_dem_v1
station,3811,Langenlois,48.4725,15.69722,DGM_AT_5m_epsg31287,5.000000000000002,205.5096435546875,0.29208937656603995,low,0.021068113589831697,0.3779761059989809,0.961641608344184,0,0,1,0.03347257961269179,25.343297322591127,6.904510498046875,0,29.28,0,0.95,ok,NA,cap_dem_v1
station,4026,Stockerau Flugplatz,48.409833,16.190861,DGM_AT_5m_epsg31287,5.000000000000002,210.39857482910156,0.05,low,0,0.2,0,0,0,1,3.354906579080591,1.9270955403645758,35.40837097167969,0.3883864628669882,0,0,0.95,ok,NA,cap_dem_v1
station,4030,Stockerau,48.39689,16.19261,DGM_AT_5m_epsg31287,5.000000000000002,202.20179748535156,0.05,low,0,0.2,0,0,0,1,8.480520224273079,4.927403767903655,36.14759826660156,0.5368402114644745,0,0,0.95,ok,NA,cap_dem_v1
station,4081,Langenlebarn,48.32389,16.11806,DGM_AT_5m_epsg31287,5.000000000000002,173.9814453125,0.25262636066959004,low,0,0.24255880096829072,0.9599333021375868,0,0,1,-0.08584667267027157,1.7994242350260663,7.212005615234375,0,0,0,0.95,ok,NA,cap_dem_v1
station,4115,Wien Stammersdorf,48.30581,16.40556,DGM_AT_5m_epsg31287,5.000000000000002,191.41734313964844,0.055826862157039484,low,0.04827133177254943,0.1738514536552301,0,0.001974438667297367,0,0.8692572682761505,2.8058936407128954,44.77810160319012,34.10258483886719,0.3755674269264836,82.3125,0,0.95,ok,NA,cap_dem_v1
station,4125,Wolkersdorf,48.38028,16.5075,DGM_AT_5m_epsg31287,5.000000000000002,184.09320068359375,0.23010196261935767,low,0,0.2,0.9005098130967882,0,0,1,0.008184344938655386,17.078145853678393,17.908233642578125,0,0,0,0.95,ok,NA,cap_dem_v1
station,4126,Wolkersdorf,48.388056,16.508889,DGM_AT_5m_epsg31287,5.000000000000002,173.18560791015625,0.3643965312792187,low,0.04746445564473119,0.6467645226368166,0.9524055480957031,0.0023878472646077452,0,1,-7.601824801977642,45.294938151041606,8.5670013427734375,0,72.63,0,0.95,ok,NA,cap_dem_v1
station,4224,Gänserndorf Stadt,48.33778,16.71361,DGM_AT_5m_epsg31287,5.000000000000002,163.4943084716797,0.25807368859347546,low,0,0.29769338176105453,0.918251715766059,0,0,1,-0.8697630244120944,2.901212056477874,14.714691162109375,0,0,0,0.95,ok,NA,cap_dem_v1
station,4305,Zwerndorf,48.33806,16.83139,DGM_AT_5m_epsg31287,5.000000000000002,144.13108825683594,0.2729156893994282,low,0,0.30883479535812924,0.9785349527994792,0,0,1,-0.48694802688493155,3.09630889892577,3.86370849609375,0,0,0,0.95,ok,NA,cap_dem_v1
station,4501,Ranshofen Braunau,48.22417,13.02833,DGM_AT_5m_epsg31287,5.000000000000002,384.8832702636719,0.12571702107563287,low,0,0.2,0.37858510537816426,0,0,1,1.329092074005473,3.6979431152343523,40.1265869140625,0.061536864685326785,0,0,0.95,ok,NA,cap_dem_v1
station,4515,Ostermiething,48.05306,12.83167,DGM_AT_5m_epsg31287,5.000000000000002,414.7921142578125,0.056399654056948155,low,0.025598616227792612,0.2,0,0,0,1,4.26625510725836,29.81244201660155,44.50677490234375,0.35513022779484626,32.875,0,0.95,ok,NA,cap_dem_v1
station,4601,Aspach,48.18306,13.3,DGM_AT_5m_epsg31287,5.000000000000002,430.16961669921875,0.3518784324793826,low,0.032439917569355506,0.6526013459853277,0.903090582953559,0,0,1,-6.624717858966733,36.44443766276038,17.443695068359375,0,37.5425,0,0.95,ok,NA,cap_dem_v1
station,4611,Mattighofen,48.09722,13.15111,DGM_AT_5m_epsg31287,5.000000000000002,461.1039123535156,0.10841738776650886,low,0,0.2,0.2920869388325443,0,0,1,8.393458504183343,0.6443929036458371,22.7149658203125,0.07988761479000436,0,0,0.95,ok,NA,cap_dem_v1
station,4705,Ried im Innkreis,48.21722,13.475,DGM_AT_5m_epsg31287,5.000000000000002,428.7293701171875,0.2760528493830539,low,0.003918728937619582,0.39262859633184183,0.8845800903284428,0,0,1,-2.271371110377345,23.36284484863279,20.59173583984375,1.3839776902796328e-4,0.99,0,0.95,ok,NA,cap_dem_v1
station,4802,Gallspach,48.20422,13.825,DGM_AT_5m_epsg31287,5.000000000000002,424.93585205078125,0.0399492388080008,low,0,0.1597969552320032,0,0,0,0.7989847761600161,13.910691070930227,2.291168212890625,84.85650634765625,0.6692498771821787,0,0,0.95,ok,NA,cap_dem_v1
station,4815,Wolfsegg,48.10542,13.67092,DGM_AT_5m_epsg31287,5.000000000000002,636.19384765625,0.05000734408376072,low,2.9376335042880837e-5,0.2,0,0,0,1,45.65543323422662,0.0439453125,142.0164794921875,0.8216415948186385,14.525,0,0.95,ok,NA,cap_dem_v1
station,4821,Vöcklabruck,48.0075,13.645833,DGM_AT_5m_epsg31287,5.000000000000002,434.29718017578125,0.28682537962250154,low,0.05780638776281252,0.3615430018294207,0.9024605645073784,0.009972795486450203,0,1,-0.5960835517221881,52.81770833333337,17.557098388671875,0,88.125,0,0.95,ok,NA,cap_dem_v1
station,4905,Wels-Schleißheim,48.16278,14.07139,DGM_AT_5m_epsg31287,5.000000000000002,309.8636169433594,0.2532266234036045,low,0.07616226910607252,0.18930488099231366,0.9319905598958333,0.003078159332275392,0,0.9465244049615682,-8.40698012817154,61.05689290364586,12.24169921875,0,165.92,0,0.95,ok,NA,cap_dem_v1
station,5000,Linz Hörsching Flughafen,48.23528,14.18806,DGM_AT_5m_epsg31287,5.000000000000002,294.9087829589844,0.2237920724312646,low,0,0.2,0.868960362156323,0,0,1,0.011326069341521361,2.1211374918619867,22.204071044921875,0.0010517866533809406,0,0,0.95,ok,NA,cap_dem_v1
station,5012,Kremsmünster,48.055,14.13111,DGM_AT_5m_epsg31287,5.000000000000002,384.80914306640625,0.08480668151994326,low,0.07665589140752171,0.25946216596345006,0,0.005181114514668787,0,1,14.077780261563646,61.00188191731769,51.600830078125,0.24136451702186548,172.3525,0,0.95,ok,NA,cap_dem_v1
station,5116,Wachtberg bei Steyr,48.0475,14.46111,DGM_AT_5m_epsg31287,5.000000000000002,384.17669677734375,0.05,low,0,0.2,0,0,0,1,27.88300735608715,3.4099527994791288,99.809722900390625,0.5973706061444782,0,0,0.95,ok,NA,cap_dem_v1
station,5130,Enns,48.19583,14.45028,DGM_AT_5m_epsg31287,5.000000000000002,316.0500793457031,0.03875866548997973,low,0,0.1550346619599189,0,0,0,0.7751733097995945,21.779686743901777,2.0400512695312614,62.99647521972656,0.8546515249029418,0,0,0.95,ok,NA,cap_dem_v1
station,5315,Amstetten Kläranlage,48.10806,14.89861,DGM_AT_5m_epsg31287,5.000000000000002,264.4267578125,0.30942405178469307,low,0.028042047280199343,0.4462512464471146,0.9542536417643229,0,0,1,-1.0994774134171053,29.281970214843682,8.234344482421875,0,49.8475,0,0.95,ok,NA,cap_dem_v1
station,5316,Amstetten,48.10889,14.895,DGM_AT_5m_epsg31287,5.000000000000002,266.7316589355469,0.28284080650249555,low,0.013885651791080884,0.35832297894980414,0.9489432440863715,0,0,1,-0.16272119447774003,15.894057210286462,9.190216064453125,0,35.0225,0,0.95,ok,NA,cap_dem_v1
station,5412,Oberndorf an der Melk,48.06239,15.21381,DGM_AT_5m_epsg31287,5.000000000000002,294.7032775878906,0.30083306231992524,low,0.03300971445404628,0.4488291369222124,0.8996856689453125,0.002908104578653976,0,1,-4.994877964837997,35.1055908203125,18.05657958984375,0,46.3525,0,0.95,ok,NA,cap_dem_v1
station,5413,Melk,48.20972,15.33139,DGM_AT_5m_epsg31287,5.000000000000002,306.4346923828125,0.025378103567519433,low,0.016551559631305002,0.08496085463877273,0,0,0,0.4248042731938636,17.289066375330094,23.225238037109364,77.28431701660156,0.5659541784011569,17.61,0,0.95,ok,NA,cap_dem_v1
station,5421,Wieselburg,48.12731,15.14672,DGM_AT_5m_epsg31287,5.000000000000002,258.4329833984375,0.2475725024907765,low,0.01693213778241428,0.261902861872532,0.8893187628851996,0,0,1,-2.4870357274519392,23.0179443359375,19.922622680664063,0,19.4475,0,0.95,ok,NA,cap_dem_v1
station,5604,St. Pölten Kopalkaserne,48.180279,15.611111,DGM_AT_5m_epsg31287,5.000000000000002,281.1290588378906,0.286861206156077,low,0,0.38325916924236353,0.9552320692274305,0,0,1,-5.3773131446064895,31.141153971354186,8.0582275390625,0,0,0,0.95,ok,NA,cap_dem_v1
station,5609,St. Pölten Landhaus,48.19972,15.63111,DGM_AT_5m_epsg31287,5.000000000000002,270.86444091796875,0.2363789376121752,low,0,0.19742316689835354,0.935115729437934,0,0,0.9812516288729637,0.7656074883125257,3.761702473958337,11.679168701171875,0,0,0,0.95,ok,NA,cap_dem_v1
station,5625,Lilienfeld-Tarschberg,48.02806,15.5875,DGM_AT_5m_epsg31287,5.000000000000002,695.34320068359375,0.0619884006571159,low,0.035996274595016337,0.2,0,0.01992888005574544,0,1,76.89834915885581,36.17022705078125,342.7219543457031,0.8015915302909733,58.3125,0,0.95,ok,NA,cap_dem_v1
station,5701,Klausen Leopoldsdorf,48.08864,16.00161,DGM_AT_5m_epsg31287,5.000000000000002,388.78277587890625,0.409914321397432,medium,0.18999958919283,0.6719167871383733,0.8907628377278646,0.10855106512705487,0,1,-23.109154091240555,135.95536092122393,19.662689208984375,0,308.01,0,0.95,ok,NA,cap_dem_v1
station,5725,Kohlreithberg,48.175835,15.935278,DGM_AT_5m_epsg31287,5.000000000000002,498.5997619628906,0.05,low,0,0.2,0,0,0,1,50.02371797737169,-25.571243286132813,257.9070587158203,0.9780488986387826,0,0,0.95,ok,NA,cap_dem_v1
station,5735,Buchberg,48.21362,15.94495,DGM_AT_5m_epsg31287,5.000000000000002,459.3534240722656,0.03236017676148171,low,0,0.12944070704592683,0,0,0,0.6472035352296341,88.07910001708063,-79.65938110351567,224.0106964111328,1,0,0,0.95,ok,NA,cap_dem_v1
station,5802,Wien Jubliäumswarte,48.22111,16.26528,DGM_AT_5m_epsg31287,5.000000000000002,448.41552734375,0.05,low,0,0.2,0,0,0,1,60.736817987936206,-25.20633951822913,213.37777709960938,0.946863580998782,0,0,0.95,ok,NA,cap_dem_v1
station,5805,Wien Mariabrunn,48.20694,16.22944,DGM_AT_5m_epsg31287,5.000000000000002,225.72412109375,0.34355855953104397,low,0.05494697886375888,0.5931668585561393,0.9044188605414496,0.004308853785196942,0,1,-2.299539909561787,48.08842773437499,17.204605102539063,0,107.6,0,0.95,ok,NA,cap_dem_v1
station,5820,Brunn am Gebirge,48.10694,16.27,DGM_AT_5m_epsg31287,5.000000000000002,291.0490417480469,0.05635067714685532,low,0.025402708587421285,0.2,0,0,0,1,9.925804258591768,30.269807942708326,78.47645568847656,0.548886228539399,30.2775,0,0.95,ok,NA,cap_dem_v1
station,5870,Baden,48.011391,16.235556,DGM_AT_5m_epsg31287,5.000000000000002,241.58309936523438,0.16717375379343594,low,0.12387088629942801,0.15264000828947263,0.4448660469369559,0.060485471725463875,0,0.7632000414473631,-16.896428067304043,97.70407206217442,22.404876708984375,0.05902662459869368,180.505,0,0.95,ok,NA,cap_dem_v1
station,5881,Gumpoldskirchen,48.04028,16.28222,DGM_AT_5m_epsg31287,5.000000000000002,218.77810668945313,0.08090337185830784,low,0.0731891149962089,0.22730942397358253,0,0.038524914105733235,0,1,-1.704394266357042,65.09755350748696,31.726776123046875,0.2603520814880425,99.735,0,0.95,ok,NA,cap_dem_v1
station,5882,Gumpoldskirchen,48.03583,16.28083,DGM_AT_5m_epsg31287,5.000000000000002,211.2906951904297,0.14415930052520715,low,0.04421806982143658,0.2500622123401298,0.34594672737387633,0.009332563400268579,0,1,-2.6221710678717898,42.679729207356786,23.98699951171875,0.07210367541237685,69.135,0,0.95,ok,NA,cap_dem_v1
station,5904,Wien Hohe Warte,48.24861,16.35639,DGM_AT_5m_epsg31287,5.000000000000002,198.63194274902344,0.05216512618660629,low,0.008660504746425143,0.2,0,0,0,1,7.8077544332500395,20.607884724934877,41.83735656738281,0.43481479943813617,4.6075,0,0.95,ok,NA,cap_dem_v1
station,5917,Wien Unterlaa,48.125,16.41944,DGM_AT_5m_epsg31287,5.000000000000002,198.4949188232422,0.04420771253353851,low,0,0.17683085013415403,0,0,0,0.8841542506707701,4.976116866737783,-3.447990926106769,32.2642822265625,0.24505272480695248,0,0,0.95,ok,NA,cap_dem_v1
station,5925,Wien Innere Stadt,48.19833,16.36694,DGM_AT_5m_epsg31287,5.000000000000002,168.96754455566406,0.3515557474772136,low,0,0.6593500244140625,0.9335912068684896,0,0,1,-4.2725629459319805,24.043739318847656,11.953582763671875,0,0,0,0.95,ok,NA,cap_dem_v1
station,5935,Wien Donaufeld,48.25722,16.43139,DGM_AT_5m_epsg31287,5.000000000000002,160.54090881347656,0.3369691090931428,low,0,0.5735374471147587,0.9679237365722656,0,0,1,-0.09252013395766312,1.3289642333984375,5.7737274169921875,0,0,0,0.95,ok,NA,cap_dem_v1
station,5972,Groß-Enzersdorf,48.19975,16.55917,DGM_AT_5m_epsg31287,5.000000000000002,155.56143188476563,0.24038708157009553,low,0,0.2,0.9519354078504775,0,0,1,1.342734487970148,0.1078643798828125,8.6516265869140625,0,0,0,0.95,ok,NA,cap_dem_v1
station,5990,Schwechat Flughafen,48.1175,16.58139,DGM_AT_5m_epsg31287,5.000000000000002,180.55807495117188,0.09540699121163806,low,0,0.2,0.2270349560581903,0,0,1,0.1894267891048571,2.4519500732421875,34.65974426269531,0.08625879715169507,0,0,0.95,ok,NA,cap_dem_v1
station,6102,Bruckneudorf,48.01278,16.845,DGM_AT_5m_epsg31287,5.000000000000002,165.46351623535156,0.22747933651480062,low,0,0.2,0.8873966825740031,0,0,1,3.52552707047559,17.024211629231786,20.204086303710938,4.8444918128088367e-5,0,0,0.95,ok,NA,cap_dem_v1
station,6111,Bad Deutsch-Altenburg,48.13647,16.90675,DGM_AT_5m_epsg31287,5.000000000000002,167.14144897460938,0.058438187330000155,low,0.03057367349379853,0.1901169477591855,0,0.021770213445027674,0,0.9505847387959274,7.717459443542367,31.369821166992182,32.26280212402344,0.5196035684377357,53.5125,0,0.95,ok,NA,cap_dem_v1
station,6300,Salzburg Flughafen,47.78944,13.00861,DGM_AT_5m_epsg31287,5.000000000000002,430.3177185058594,0.24199683295355906,low,0,0.2,0.9599841647677951,0,0,1,-0.03997390598772199,3.771956380208337,7.202850341796875,0,0,0,0.95,ok,NA,cap_dem_v1
station,6305,Salzburg Freisaal,47.79111,13.05417,DGM_AT_5m_epsg31287,5.000000000000002,420.4736633300781,0.36504254749294485,low,0.03274069647032812,0.6540952392578125,0.9444654676649306,0.029603133519490586,0,1,-3.909146947807187,33.32840983072913,9.9962158203125,0,55.2725,0,0.95,ok,NA,cap_dem_v1
station,6411,Mattsee,47.97,13.1,DGM_AT_5m_epsg31287,5.000000000000002,535.87396240234375,0.07168516640846657,low,0.07001552830476472,0.2,0,0.02787522888183594,0,1,24.235540826678175,64.3807413736979,34.8133544921875,0.6689503404750041,85.6275,0,0.95,ok,NA,cap_dem_v1
station,6412,Mattsee,47.97778,13.10694,DGM_AT_5m_epsg31287,5.000000000000002,502.93463134765625,0.36899491435104004,low,0.029089069237181506,0.6501653442382813,0.9839216444227431,0.01597988065083822,0,1,-1.3101388211371727,30.048095703125,2.89410400390625,0,52.07,0,0.95,ok,NA,cap_dem_v1
station,6415,Mattsee,47.97722,13.10556,DGM_AT_5m_epsg31287,5.000000000000002,504.9755859375,0.25149839469031454,low,0.02240979389492518,0.2,0.9725830078125,0.009195631027221682,0,1,0.5776890056948218,24.2073933919271,4.93505859375,0,43.6075,0,0.95,ok,NA,cap_dem_v1
station,6430,Kolomansberg,47.87772,13.27519,DGM_AT_5m_epsg31287,5.000000000000002,1110.1103515625,0.05,low,0,0.2,0,0,0,1,111.61272465217849,-98.77543131510402,475.93121337890625,1,0,0,0.95,ok,NA,cap_dem_v1
station,6501,Frankenmarkt,47.99139,13.42306,DGM_AT_5m_epsg31287,5.000000000000002,567.03839111328125,0.02954401079177736,low,0,0.11817604316710945,0,0,0,0.5908802158355472,20.99896790966841,-8.971201578776117,64.464111328125,0.6484187945470902,0,0,0.95,ok,NA,cap_dem_v1
station,6512,Mondsee,47.85083,13.34722,DGM_AT_5m_epsg31287,5.000000000000002,481.42034912109375,0.3952098642611259,low,0.08851036120404931,0.6717040588378906,0.98271942138671875,0.05741583315531413,0,1,-6.895884285248314,69.61049397786462,3.110504150390625,0,183.275,0,0.95,ok,NA,cap_dem_v1
station,6540,Unterach am Attersee,47.802776,13.483611,DGM_AT_5m_epsg31287,5.000000000000002,471.2354431152344,0.4103776854139729,medium,0.2791396679361804,0.42145570015064643,0.9803783840603298,0.261021110534668,0,1,-20.134740350241316,201.62601725260413,3.531890869140625,0,291.875,0,0.95,ok,NA,cap_dem_v1
station,6611,Feuerkogel,47.81667,13.71778,DGM_AT_5m_epsg31287,5.000000000000002,1616.807373046875,0.02029046435875728,low,0,0.08116185743502911,0,0,0,0.40580928717514553,150.28113296737865,-16.98821614583335,826.17620849609375,0.9224078879086663,17.2575,0,0.95,ok,NA,cap_dem_v1
station,6620,Gmunden,47.91472,13.8075,DGM_AT_5m_epsg31287,5.000000000000002,426.0927429199219,0.3738035300531346,low,0.21229436937603843,0.43680197491944656,0.9455978393554687,0.14939917405446373,0,1,-10.2975449626839,156.3747578938802,9.792388916015625,0,261.335,0,0.95,ok,NA,cap_dem_v1
station,6621,Altmünster,47.87917,13.77333,DGM_AT_5m_epsg31287,5.000000000000002,437.763427734375,0.2510182053933473,low,0.0634486258811148,0.2,0.9089113023546007,0.02249192301432293,0,1,-0.5121061109944662,56.67006632486982,16.395965576171875,0,97.8175,0,0.95,ok,NA,cap_dem_v1
station,6803,Micheldorf,47.88306,14.13444,DGM_AT_5m_epsg31287,5.000000000000002,459.06072998046875,0.2138533528071242,low,0.1755899475673092,0.3058790021741713,0.37459541946436126,0.12378020985921229,0,1,-2.459737376946066,139.72348429361978,26.34405517578125,0.06734169856111623,172.41,0,0.95,ok,NA,cap_dem_v1
station,6804,Micheldorf,47.88388,14.117222,DGM_AT_5m_epsg31287,5.000000000000002,440.442626953125,0.3137676783829797,low,0.06797320050357766,0.4293067029731382,0.9155490451388889,0.04225262324015301,0,0.6320387006367624,-3.5320252731548294,61.94706726074219,15.201171875,0,89.165,0,0.95,ok,NA,cap_dem_v1
station,7002,Weyer,47.85719,14.66572,DGM_AT_5m_epsg31287,5.000000000000002,425.6657409667969,0.29306935819247115,low,0.17970415635611067,0.5181019348246085,0.49576958021903095,0.1297594623565674,0,0.8737022656465239,-8.206815820237068,129.91231892903647,45.78369140625,0.04021369798550895,290.4725,0,0.95,ok,NA,cap_dem_v1
station,7012,Waidhofen an der Ybbs/Zentrum,47.95778,14.78444,DGM_AT_5m_epsg31287,5.000000000000002,365.9222412109375,0.4128644396068053,medium,0.2102608502214055,0.6768656456274218,0.8114907412402652,0.19189778264363608,0,1,-32.00761877312431,147.8645141601562,27.200439453125,0.005286319227256373,340.64,0,0.95,ok,NA,cap_dem_v1
station,7013,Waidhofen an der Ybbs,47.94556,14.80972,DGM_AT_5m_epsg31287,5.000000000000002,381.69329833984375,0.3624513577986129,low,0.22569123767671143,0.5369079216745634,0.6960293680479896,0.21730462900797534,0,0.5745771679882767,-40.154139325962376,157.983866373698,35.6741943359375,0.015831280617752068,387.6225,0,0.95,ok,NA,cap_dem_v1
station,7110,Lunz am See,47.85436,15.06758,DGM_AT_5m_epsg31287,5.000000000000002,609.6865234375,0.5805244372322843,medium,0.42572988746279766,0.8350844133530038,0.9647132025824653,0.4825214767456056,0,1,-50.699703902126316,298.01092122395835,6.35162353515625,0,439.74,0,0.95,ok,NA,cap_dem_v1
station,7221,Mariazell/St. Sebastian,47.78917,15.30222,DGM_AT_5m_epsg31287,5.000000000000002,863.1578369140625,0.09680469632651183,low,0.13224558851344473,0.2,0,0.09162199465433757,0,1,2.1500644760366185,106.52842407226558,57.3040771484375,0.2196234196704749,161.87,0,0.95,ok,NA,cap_dem_v1
station,7301,Kernhof-St. Aegyd am Neuwalde,47.819333,15.547972,DGM_AT_5m_epsg31287,5.000000000000002,677.9927978515625,0.4065213144106854,medium,0.25162386648995544,0.7242475097656249,0.6348896199338722,0.2371703090667725,0,1,-27.789708106995363,176.1367065429688,36.1256103515625,0.024683412912601205,370.875,0,0.95,ok,NA,cap_dem_v1
station,7305,Krumbach,47.52806,16.18667,DGM_AT_5m_epsg31287,5.000000000000002,547.4310302734375,0.23073961458019368,low,0.1474370167072093,0.5256432252501984,0.24700987696818583,0.08711719131469728,0,0.7760735372795868,-8.660493661898613,106.55379231770826,43.603668212890625,0.08088301442856649,290.9675,0,0.95,ok,NA,cap_dem_v1
station,7500,Puchberg am Schneeberg,47.79028,15.90944,DGM_AT_5m_epsg31287,5.000000000000002,576.29949951171875,0.4342331937259139,medium,0.25066786271566066,0.7020752746582031,0.8088479516058432,0.22851879374186204,0,1,-14.801024775675728,180.94917805989587,22.8148193359375,0.008850108636986397,292.9,0,0.95,ok,NA,cap_dem_v1
station,7505,Puchberg am Schneeberg,47.79028,15.90694,DGM_AT_5m_epsg31287,5.000000000000002,580.73272705078125,0.40772368743418563,medium,0.21607962480902598,0.6856750678874091,0.7511997714651795,0.2136337331136068,0,1,-10.549221897568827,157.94062499999995,25.7276611328125,0.01482291392744938,272.89,0,0.95,ok,NA,cap_dem_v1
station,7531,Hohe Wand Hochkogelhaus,47.82222,16.035,DGM_AT_5m_epsg31287,5.000000000000002,934.09832763671875,0.044308185751961375,low,0.05407518206981392,0.11228709890189875,0,0.018117436726888043,0,0.5614354945094937,119.15225046595117,51.3673014322917,486.0345153808594,0.6316022527571368,74.1,0,0.95,ok,NA,cap_dem_v1
station,7604,Wiener Neustadt Flugplatz,47.83233,16.23147,DGM_AT_5m_epsg31287,5.000000000000002,273.96875,0.2323998684353299,low,0,0.2,0.9119993421766494,0,0,1,0.29818418616963527,8.309908040364576,15.840118408203125,0,0,0,0.95,ok,NA,cap_dem_v1
station,7610,Gutenstein Mariahilfberg,47.87139,15.87611,DGM_AT_5m_epsg31287,5.000000000000002,707.1234130859375,0.05,low,0,0.2,0,0,0,1,56.80355410912455,-15.916190592447947,234.77999877929688,0.9584974082506903,12.3575,0,0.95,ok,NA,cap_dem_v1
station,7641,Berndorf,47.93917,16.10111,DGM_AT_5m_epsg31287,5.000000000000002,335.9734802246094,0.12270950243665425,low,0.12799382629522732,0.32857697960283305,0.006757772854213805,0.04810164260864258,0,0.9143755959240215,-9.861417102362793,100.83627929687498,33.7669677734375,0.11900181312369379,181.63,0,0.95,ok,NA,cap_dem_v1
station,7653,Bad Vöslau,47.961111,16.209444,DGM_AT_5m_epsg31287,5.000000000000002,262.5119934082031,0.25941324582802266,low,0.05940812832744169,0.2448999061312622,0.895601569281684,0.028106155713399257,0,1,-3.3787002956025276,55.39832763671876,18.791717529296875,0,80.41,0,0.95,ok,NA,cap_dem_v1
station,7704,Eisenstadt Nordost,47.85417,16.53833,DGM_AT_5m_epsg31287,5.000000000000002,185.23130798339844,0.08327741772689892,low,0.10454199410399645,0.20812757365418516,0,0.034066838582356776,0,1,-7.591880515269423,81.55040384928384,37.3345947265625,0.37194337194337196,191.325,0,0.95,ok,NA,cap_dem_v1
station,7710,Seibersdorf,47.975,16.504444,DGM_AT_5m_epsg31287,5.000000000000002,185.39634704589844,0.24282001071506076,low,0,0.2,0.9641000535753038,0,0,1,1.426592245700789,1.7860565185546875,6.4619903564453125,0,0,0,0.95,ok,NA,cap_dem_v1
station,7714,Hornstein,47.877606,16.452103,DGM_AT_5m_epsg31287,5.000000000000002,312.4181823730469,0.08648606829152423,low,0.11702740156182799,0.20261988426143446,0,0.04382831223805747,0,1,-6.249654819218335,90.16131286621089,74.068603515625,0.46379960557727573,204.4125,0,0.95,ok,NA,cap_dem_v1
station,7890,Neusiedl am See,47.94917,16.82889,DGM_AT_5m_epsg31287,5.000000000000002,116.94297790527344,0.26467635399927064,low,0.036135228114235286,0.231910703019566,0.9883243560791015,0,0,1,-1.9122122810068873,36.995506286621094,2.1016159057617188,0,53.99,0,0.95,ok,NA,cap_dem_v1
station,7905,Neusiedl am See,47.9425,16.85778,DGM_AT_5m_epsg31287,5.000000000000002,128.311279296875,0.2526639411434409,low,0.04064352557032415,0.2337161913688907,0.9203700595431857,0,0,1,-5.657550135618862,40.13380025227866,14.333389282226563,0,62.73,0,0.95,ok,NA,cap_dem_v1
station,7906,Neusiedl am See,47.95083,16.84167,DGM_AT_5m_epsg31287,5.000000000000002,139.57969665527344,0.043810110414301384,low,0,0.17524044165720554,0,0,0,0.8762022082860276,1.0589034143281424,34.71259562174481,24.819068908691406,0.354501674462373,0,0,0.95,ok,NA,cap_dem_v1
station,7912,Podersdorf Strandbad,47.86611,16.83444,DGM_AT_5m_epsg31287,5.000000000000002,116.5037841796875,0.2465739767214962,low,0,0.19390468509779035,0.990489027235243,0,0,0.9695234254889518,0.049742780987713786,3.757803853352854,1.71197509765625,0,0,0,0.95,ok,NA,cap_dem_v1
station,7955,Andau,47.7725,17.03333,DGM_AT_5m_epsg31287,5.000000000000002,118.67798614501953,0.2439075893825955,low,0,0.2,0.9695379469129775,0,0,1,0.9649991798224846,0.1514994303385322,5.4831695556640625,0,0,0,0.95,ok,NA,cap_dem_v1
station,7956,Andau,47.77,17.03556,DGM_AT_5m_epsg31287,5.000000000000002,117.2933120727539,0.2454461161295573,low,0,0.2,0.9772305806477865,0,0,1,0.2518898517194259,1.435763041178376,4.0984954833984375,0,0,0,0.95,ok,NA,cap_dem_v1
station,8301,Sulzberg,47.52194,9.91416,DGM_AT_5m_epsg31287,5.000000000000002,1014.9171752929688,0.05,low,0,0.2,0,0,0,1,38.540561246933066,-7.073431396484466,378.3614501953125,0.8613794248706097,0,0,0.95,ok,NA,cap_dem_v1
station,8805,Achenkirch,47.53222,11.70528,DGM_Tirol_5m_epsg31254_2006_2020,5,903.8189697265625,0.5293839499821739,medium,0.39542029971168174,0.7579680786132812,0.9262722439236111,0.37188271077473967,0,1,-36.68984883971132,276.79420979817723,13.27099609375,0,428.27,0,1,ok,NA,cap_dem_v1
station,8806,Achenkirch,47.49944,11.70667,DGM_Tirol_5m_epsg31254_2006_2020,5,930.56597900390625,0.5391155739372314,medium,0.46219174302821914,0.6681250532157694,0.9551612006293403,0.43669423166910815,0,1,-33.29368834130639,323.84561767578134,8.07098388671875,0,348.0275,0,1,ok,NA,cap_dem_v1
station,9016,Kufstein,47.57528,12.16278,DGM_Tirol_5m_epsg31254_2006_2020,5,491.9049987792969,0.36638281671301304,low,0.29671500328258166,0.3054131806582969,0.9191167195638021,0.21351617876688642,0,0.7267185757934664,-5.73785298665365,238.340311686198,14.558990478515625,0,164.2325,0,1,ok,NA,cap_dem_v1
station,9019,Söll,47.50306,12.20028,DGM_Tirol_5m_epsg31254_2006_2020,5,696.7969970703125,0.21870158868508358,low,0.26023118132108314,0.4204801890339383,0.09256441109992733,0.20007242584228524,0,0.9922554704828447,-5.84559953765006,200.48554484049487,74.864990234375,0.10098263095979516,204.435,0,1,ok,NA,cap_dem_v1
station,9105,Kirchdorf in Tirol,47.56611,12.46306,DGM_Tirol_5m_epsg31254_2006_2020,5,635.7860107421875,0.5148834741195012,medium,0.4539969464839428,0.5480498463834933,0.9588833279079861,0.48396740214029954,0,0.5391194129233692,-14.815116158281057,320.95196533203125,7.4010009765625,0,330.355,0,1,ok,NA,cap_dem_v1
station,9110,Kössen,47.66289,12.39381,DGM_Tirol_5m_epsg31254_2006_2020,5,589.47601318359375,0.3621648413401784,low,0.11586086431800137,0.51911966506791285,0.9531609429253473,0.08525013605753583,0,1,-14.099641697399647,100.3609619140625,8.4310302734375,0,112.995,0,1,ok,NA,cap_dem_v1
station,9211,Lofer Ort,47.58444,12.69528,DGM_AT_5m_epsg31287,5.000000000000002,622.13238525390625,0.4321625513843843,medium,0.3217577796226413,0.6699283813476562,0.7210524759246564,0.2668701063791911,0,1,-10.720376858097097,242.68303629557283,39.68310546875,0.009003148679976472,229.2825,0,0.95,ok,NA,cap_dem_v1
station,9215,Loferer Alm,47.59778,12.64611,DGM_Tirol_5m_epsg31254_2006_2020,5,1548.251953125,0.02235227075580433,low,0.040264504828287404,0.0453330776456135,0,0.006352500915527379,0,0.22666538822806748,12.851828031639343,44.114013671875,633.6219482421875,0.7917480499917021,41.29,0,1,ok,NA,cap_dem_v1
station,9406,Golling,47.59114,13.18178,DGM_AT_5m_epsg31287,5.000000000000002,489.56170654296875,0.11021476957356441,low,0.1665093914809031,0.2,0,0.12391614468892416,0,1,-1.3298244853168057,129.6351359049479,28.9613037109375,0.14319227708383794,193.32,0,0.95,ok,NA,cap_dem_v1
station,9501,Abtenau,47.56667,13.34333,DGM_AT_5m_epsg31287,5.000000000000002,709.6650390625,0.12411288280172315,low,0.08149824597702532,0.3976944099552091,0,0.028764792124430356,0,1,-10.492248714488824,65.30841878255205,74.74462890625,0.3443797054915855,166.2625,0,0.95,ok,NA,cap_dem_v1
station,9511,St. Wolfgang,47.73694,13.45,DGM_AT_5m_epsg31287,5.000000000000002,538.83538818359375,0.3858490818734991,low,0.32656550306639825,0.28448001346534474,0.9900967068142361,0.23378907585144046,0,1,-24.573763800886013,244.76399739583348,1.7825927734375,0,237.3275,0,0.95,ok,NA,cap_dem_v1
station,9512,St. Wolfgang,47.74028,13.44194,DGM_AT_5m_epsg31287,5.000000000000002,543.39093017578125,0.3757105121570928,low,0.3183472375445598,0.2724199961390141,0.9659573025173611,0.2321816215515137,0,0.9747110536005278,-28.486690023583606,235.69940999348955,6.127685546875,0,253.96,0,0.95,ok,NA,cap_dem_v1
station,9605,Bad Goisern,47.63333,13.61667,DGM_AT_5m_epsg31287,5.000000000000002,550.48846435546875,0.06160450566541571,low,0.039964904909587665,0.2,0,0.010755196253458665,0,1,19.15574117406004,39.738112386067655,58.72027587890625,0.44156616919553593,60.9275,0,0.95,ok,NA,cap_dem_v1
station,9606,Bad Goisern,47.64256,13.61803,DGM_AT_5m_epsg31287,5.000000000000002,504.1637878417969,0.3969476300682706,low,0.24983709591319955,0.5201405010132576,0.912503899468316,0.14634967295328777,0,0.9624309741307651,-11.812723621780151,181.48191528320308,15.749298095703125,0,282.66,0,0.95,ok,NA,cap_dem_v1
station,9609,Bad Goisern,47.62194,13.64472,DGM_AT_5m_epsg31287,5.000000000000002,538.59625244140625,0.1216542090577956,low,0.16238130506266008,0.2569235236459393,0,0.11218667920430506,0,1,-8.545447827930047,124.67885335286451,36.476104736328125,0.4214109767235892,208.17,0,0.95,ok,NA,cap_dem_v1
station,9618,Bad Ischl,47.70619,13.64714,DGM_AT_5m_epsg31287,5.000000000000002,503.8746643066406,0.3096462078202877,low,0.45626973634279683,0.5573652276898188,0,0.37491644541422525,0,0.9841870798482784,-53.6376365442062,321.55940755208337,43.559173583984375,0.12693667697715777,336.385,0,0.95,ok,NA,cap_dem_v1
station,9640,Bad Aussee,47.61111,13.78278,DGM_AT_5m_epsg31287,5.000000000000002,661.6318359375,0.3326283143606725,low,0.15351311941793583,0.6625880232482397,0.588832764224885,0.07224317232767745,0,0.953187808819395,-29.827875034843714,108.63775838216145,32.58880615234375,0.0337189831024509,328.3775,0,0.95,ok,NA,cap_dem_v1
station,9643,Bad Aussee,47.6105,13.75844,DGM_AT_5m_epsg31287,5.000000000000002,741.67877197265625,0.04120343694888726,low,0.020114384021647978,0.1419201546369382,0,0.004632015228271502,0,0.709600773184691,18.10969234257834,23.368408203125,127.80908203125,0.5859425273835637,33.1675,0,0.95,ok,NA,cap_dem_v1
station,9700,Bad Mitterndorf,47.55333,13.93472,DGM_AT_5m_epsg31287,5.000000000000002,802.9285888671875,0.15343523998060032,low,0.11160334733747734,0.29038211355144883,0.20619564122501047,0.07799831008911136,0,1,-7.652608583976416,95.36802164713549,25.9302978515625,0.09109213694611276,120.6275,0,0.95,ok,NA,cap_dem_v1
station,9801,Aigen im Ennstal,47.53278,14.13826,DGM_AT_5m_epsg31287,5.000000000000002,639.06085205078125,0.288396896723545,low,0.051887538931091944,0.31945514838287425,0.966572740342882,0.01497784550984703,0,1,-5.212882214403976,48.767667643229174,6.01690673828125,0,77.65,0,0.95,ok,NA,cap_dem_v1
station,9811,Irdning-Gumpenstein,47.495,14.09967,DGM_AT_5m_epsg31287,5.000000000000002,695.55279541015625,0.10657399514260005,low,0.10608981869129021,0.2847351642594811,0,0.059118329366048196,0,1,5.011631370172381,82.13789469401036,51.59039306640625,0.2902571697486436,199.1125,0,0.95,ok,NA,cap_dem_v1
station,9911,Hall bei Admont,47.59444,14.49083,DGM_AT_5m_epsg31287,5.000000000000002,634.8763427734375,0.29368612858642207,low,0.21314202159579415,0.23991864501727134,0.779440294170478,0.1635526873270671,0,1,-9.48013984151737,163.5897379557291,21.95733642578125,0.013472370223778353,208.6075,0,0.95,ok,NA,cap_dem_v1
station,9919,Windischgarsten,47.72028,14.32611,DGM_AT_5m_epsg31287,5.000000000000002,598.34722900390625,0.3662937634409554,low,0.17355966337580783,0.5061240106425167,0.884486089000719,0.12983751424153647,0,1,-5.886097774680593,131.06783040364587,20.7098388671875,6.227511763077774e-5,227.74,0,0.95,ok,NA,cap_dem_v1
station,9925,Rottenmann,47.50767,14.43028,DGM_AT_5m_epsg31287,5.000000000000002,707.73968505859375,0.14165463848403467,low,0.18529077011004516,0.2946181490452098,0,0.14451605796813968,0,1,-1.6018399378593813,139.70327148437514,25.8857421875,0.1243988014089673,229.7375,0,0.95,ok,NA,cap_dem_v1
station,10005,Mooslandl,47.64753,14.76167,DGM_AT_5m_epsg31287,5.000000000000002,528.3084716796875,0.13003538588763436,low,0.11801778909209383,0.24199904714581627,0.15526946722870527,0.05984855588277186,0,1,11.299076942465717,93.25137532552083,81.5574951171875,0.0859311747894624,178.8525,0,0.95,ok,NA,cap_dem_v1
station,10111,Präbichl,47.52158,14.95416,DGM_AT_5m_epsg31287,5.000000000000002,1214.7235107421875,0.3743008916039636,low,0.5451389276413693,0.6411863497425028,0,0.5181304817199708,0,1,-54.789541350885884,381.5972493489585,154.60595703125,0.20119723183391003,398.28,0,0.95,ok,NA,cap_dem_v1
station,10200,Aflenz,47.54594,15.24069,DGM_AT_5m_epsg31287,5.000000000000002,782.55596923828125,0.15676003581241815,low,0.33159331477922366,0.14526795464537565,0,0.25029812304178883,0,0.7263397732268781,-16.491097745572233,247.94978841145826,107.9085693359375,0.5290050660244165,240.4125,0,0.95,ok,NA,cap_dem_v1
station,10401,Mürzzuschlag,47.60222,15.67278,DGM_AT_5m_epsg31287,5.000000000000002,701.18841552734375,0.16606950617931054,low,0.15910841715315066,0.35315619229418777,0.09406483808762377,0.12793590799967455,0,0.6048401266244368,0.7680570768992538,115.62384033203136,46.5955810546875,0.10476961618845936,282.005,0,0.95,ok,NA,cap_dem_v1
station,10412,Rax Seilbahnbergstation,47.7175,15.77861,DGM_AT_5m_epsg31287,5.000000000000002,1544.6341552734375,0.06588908251866178,low,0.05579985442225982,0.1989417204033639,0,0.014691258748372401,0,0.9947086020168193,133.73910003420087,52.671630859375,853.5374755859375,0.816928697962799,76.185,0,0.95,ok,NA,cap_dem_v1
station,10415,Semmering,47.63325,15.82839,DGM_AT_5m_epsg31287,5.000000000000002,984.8702392578125,0.1649640122719514,low,0.26384307199681745,0.27248894754997255,0,0.2058733825683594,0,1,-1.866756544390455,195.59370930989598,258.35369873046875,0.39447719473043286,252.1725,0,0.95,ok,NA,cap_dem_v1
station,10500,Mönichkirchen,47.51111,16.03333,DGM_AT_5m_epsg31287,5.000000000000002,988.9013671875,0.10768030079826148,low,0.17097131534514545,0.2,0,0.09958314641316733,0,1,18.92216481295634,132.3532999674478,229.1759033203125,0.49402850816495986,199.255,0,0.95,ok,NA,cap_dem_v1
station,10510,Reichenau an der Rax,47.69972,15.83694,DGM_AT_5m_epsg31287,5.000000000000002,486.81390380859375,0.4638478766454159,medium,0.29323792088074274,0.6521256660587901,0.9230153401692709,0.2860260791778565,0,0.9057507082880275,-21.92973432144248,209.38910115559895,13.85723876953125,0,311.7475,0,0.95,ok,NA,cap_dem_v1
station,10531,Pottschach,47.70083,16.00806,DGM_AT_5m_epsg31287,5.000000000000002,415.6089782714844,0.07735617305037722,low,0.06860335070610214,0.2,0.04094864675985291,0.013437373479207357,0,1,3.7673715265154897,59.343678792317746,25.93377685546875,0.11425902217916335,113.7425,0,0.95,ok,NA,cap_dem_v1
station,10550,Hirschenkogel,47.62333,15.83333,DGM_AT_5m_epsg31287,5.000000000000002,1317.2158203125,0.05107063407897949,low,0,0.2,0,0.007137560526529949,0,1,137.182458165478,-29.60107421875,508.4053955078125,0.8889819132889584,20.185,0,0.95,ok,NA,cap_dem_v1
station,10607,Aspang,47.575,16.10139,DGM_AT_5m_epsg31287,5.000000000000002,451.7339172363281,0.47940582735181547,medium,0.27996995617094494,0.7544354396298851,0.8967848036024305,0.27631678454081227,0,0.8615970589892697,-43.7866741599517,195.97896931966147,18.5787353515625,0,452.83,0,0.95,ok,NA,cap_dem_v1
station,10710,Mattersburg,47.745,16.38917,DGM_AT_5m_epsg31287,5.000000000000002,281.91925048828125,0.05,low,0,0.2,0,0,0,1,4.126730131800343,9.760026041666663,59.095916748046875,0.5745026811970247,0,0,0.95,ok,NA,cap_dem_v1
station,10720,Neudorf bei Landsee,47.56278,16.38139,DGM_AT_5m_epsg31287,5.000000000000002,428.3861083984375,0.07810267563679807,low,0.0837108747807738,0.2,0,0.0478330462773641,0,1,16.865518477477906,70.98922932942708,102.58413696289063,0.4647522834209798,125.185,0,0.95,ok,NA,cap_dem_v1
station,11104,Bregenz,47.49917,9.74611,DGM_AT_5m_epsg31287,5.000000000000002,426.6360778808594,0.11538710211726627,low,0.1903716785038551,0.2,0,0.11862788327534997,0,1,0.4128624835532264,151.85116577148438,33.224578857421875,0.39211167400271296,170.27250000000086,0,0.95,ok,NA,cap_dem_v1
station,11106,Fraxern,47.31417,9.67444,DGM_AT_5m_epsg31287,5.000000000000002,808.6580810546875,0.14854030785349015,low,0.2576922019947166,0.18933847331267661,0,0.24521759351094566,0,0.9466923665633831,18.418306666090643,193.70782877604165,297.64276123046875,0.41872984680109054,233.5525,0,0.95,ok,NA,cap_dem_v1
station,11112,Dornbirn,47.4325,9.72556,DGM_AT_5m_epsg31287,5.000000000000002,409.28314208984375,0.2723845315508335,low,0,0.3228123232519449,0.9584072536892361,0,0,1,-1.0834999345324832,7.23345133463539,7.4866943359375,0,0,0,0.95,ok,NA,cap_dem_v1
station,11114,Dornbirn,47.4325,9.72556,DGM_AT_5m_epsg31287,5.000000000000002,409.28314208984375,0.2723845315508335,low,0,0.3228123232519449,0.9584072536892361,0,0,1,-1.0834999345324832,7.23345133463539,7.4866943359375,0,0,0,0.95,ok,NA,cap_dem_v1
station,11115,Feldkirch,47.27111,9.60972,DGM_AT_5m_epsg31287,5.000000000000002,439.8053894042969,0.23867078993055557,low,0,0.2,0.9433539496527777,0,0,1,0.07727342776985324,7.670336914062489,10.1962890625,0,0,0,0.95,ok,NA,cap_dem_v1
station,11116,Laterns-Gapfohl,47.27503,9.75992,DGM_AT_5m_epsg31287,5.000000000000002,1558.3746337890625,0.09861937476179691,low,0.16362795717842904,0.15797211266953984,0,0.12146238199869797,0,0.7898605633476992,-10.26426492524024,129.6099853515625,343.4998779296875,0.6344317426926483,176.5625000000009,0,0.95,ok,NA,cap_dem_v1
station,11135,Alberschwende,47.4575,9.84861,DGM_AT_5m_epsg31287,5.000000000000002,715.55828857421875,0.12966946055471645,low,0.22513887584923695,0.2,0,0.15589827728271485,0,1,-11.017227183196496,176.90643310546875,225.90338134765625,0.44086244715227757,184.135,0,0.95,ok,NA,cap_dem_v1
station,11146,Rohrspitz,47.49722,9.63,DGM_AT_5m_epsg31287,5.000000000000002,398.656494140625,0.24466722276475694,low,0,0.2,0.9733361138237847,0,0,1,2.242538992086736,-1.633056640625,4.79949951171875,0,0,0,0.95,ok,NA,cap_dem_v1
station,11203,Schoppernau,47.31139,10.01778,DGM_AT_5m_epsg31287,5.000000000000002,838.27435302734375,0.5355015317959559,medium,0.4796994222005209,0.7232812854792792,0.7725390423319952,0.5349903093973796,0,1,-35.54513827833284,335.78959554036464,26.199951171875,0.011503003792807508,377.9275,0,0.95,ok,NA,cap_dem_v1
station,11301,Schröcken,47.26167,10.08611,DGM_AT_5m_epsg31287,5.000000000000002,1247.3818359375,0.4542180635382726,medium,0.5661173328218004,0.7448355351805201,0.06873826122889082,0.6984233296712241,0.05312463227487141,0.6568724151949206,-31.29977889977863,396.2821329752603,157.4842529296875,0.054057420439683625,468.8075,0.29017079547445856,0.95,ok,NA,cap_dem_v1
station,11305,Warth,47.25583,10.18611,DGM_AT_5m_epsg31287,5.000000000000002,1476.94775390625,0.19970985529132185,low,0.3939584349972126,0.158882601310897,0,0.4099973080952964,0,0.20509951219894373,29.653090290241607,288.73809814453125,196.6767578125,0.22629419213762275,268.7725,0,0.95,ok,NA,cap_dem_v1
station,11311,Mittelberg,47.32333,10.1525,DGM_AT_5m_epsg31287,5.000000000000002,1201.9984130859375,0.3321700892449154,low,0.592102938468023,0.42920729750944153,0,0.5122835350036622,0,1,-31.804794160343818,419.03924153645835,115.9521484375,0.2676160622227758,328.28,0,0.95,ok,NA,cap_dem_v1
station,11402,Holzgau,47.25758,10.33867,DGM_Tirol_5m_epsg31254_2006_2020,5,1090.5550537109375,0.6725594284361514,medium,0.6889899553571428,0.7797931274376892,0.9197665744357639,0.6739681777954102,0.1354341078731937,1,-37.926063899219116,482.29296875,14.4420166015625,0,403.76,0.9146093634880686,1,ok,NA,cap_dem_v1
station,11410,Tannheim,47.50028,10.50583,DGM_Tirol_5m_epsg31254_2006_2020,5,1100.0889892578125,0.3967010998744509,low,0.3029214977678776,0.4368844313391682,0.868346382246565,0.25386894098917645,0,1,-21.76478250150012,220.69536539713545,21.60595703125,0.0015846763869378378,277.96,0,1,ok,NA,cap_dem_v1
station,11505,Reutte,47.49444,10.71528,DGM_Tirol_5m_epsg31254_2006_2020,5,841.03802490234375,0.3245727358529332,low,0.012077193146300713,0.5178448809077933,0.9604610866970487,0,0,1,-3.1540820951091746,15.48797607421875,7.11700439453125,0,23.51,0,1,ok,NA,cap_dem_v1
station,11603,Ehrwald,47.40417,10.92,DGM_Tirol_5m_epsg31254_2006_2020,5,981.5830078125,0.31355755184975403,low,0.2105036931657566,0.4010094777605819,0.6846679287390404,0.1583044891357423,0,0.7591502610485534,-11.849289179512766,155.0849609375,38.06597900390625,0.015804915854738706,261.06,0,1,ok,NA,cap_dem_v1
station,11706,Seefeld,47.32478,11.17542,DGM_Tirol_5m_epsg31254_2006_2020,5,1180.89794921875,0.48848374123951743,medium,0.3334132835751487,0.7319875854492188,0.9168226453993056,0.25845996602376314,0,1,-42.38294936929174,233.3892985026041,14.971923828125,0,355.89,0,1,ok,NA,cap_dem_v1
station,11803,Innsbruck Universität,47.25986,11.38425,DGM_Tirol_5m_epsg31254_2006_2020,5,577.0830078125,0.30831993336016483,low,0.10048571109535535,0.3297974687123558,0.9522111680772569,0.06871269861857097,0,1,0.3951627261537851,85.322021484375,8.60198974609375,0,124.42,0,1,ok,NA,cap_dem_v1
station,11804,Innsbruck Flughafen,47.25999,11.35667,DGM_Tirol_5m_epsg31254_2006_2020,5,576.70001220703125,0.34212893546913,low,0.07486524333938467,0.49084331762384575,0.9781443277994791,0.03381953112284346,0,1,-0.2722123045330136,66.2059448242187,3.93402099609375,0,102.455,0,1,ok,NA,cap_dem_v1
station,11901,Jenbach,47.38878,11.75814,DGM_Tirol_5m_epsg31254_2006_2020,5,529.58502197265625,0.5089319675524356,medium,0.6843773280992369,0.3536052535583273,0.9668219672309027,0.3738128579457602,0,1,-46.04431429039528,501.41385904947924,5.9720458984375,0,269.305,0,1,ok,NA,cap_dem_v1
station,12015,Alpbach,47.39667,11.93944,DGM_Tirol_5m_epsg31254_2006_2020,5,928.69598388671875,0.3714311649688892,low,0.40408717564174107,0.7194947803257492,0.13009014021528348,0.4301176528930665,0,1,-20.525314637460724,282.86102294921875,122.4019775390625,0.0712145225028202,444.205,0,1,ok,NA,cap_dem_v1
station,12202,Kitzbühel,47.44722,12.39417,DGM_Tirol_5m_epsg31254_2006_2020,5,746.17498779296875,0.44913209752430994,medium,0.22118234979538687,0.7180567993164062,0.9185390896267361,0.20409661547342942,0,1,-16.895847626594446,154.8276448567708,14.6629638671875,0,358.4175,0,1,ok,NA,cap_dem_v1
station,12203,Kitzbühel,47.44389,12.38917,DGM_Tirol_5m_epsg31254_2006_2020,5,771.89300537109375,0.3231049748564056,low,0.310710947038714,0.5079302181606887,0.4260795355081466,0.22152517636617036,0,1,-8.451402079051718,230.20152180989567,38.41802978515625,0.05499653979238754,253.005,0,1,ok,NA,cap_dem_v1
station,12215,Hahnenkamm-Ehrenbachhöhe,47.41831,12.35928,DGM_Tirol_5m_epsg31254_2006_2020,5,1793.5159912109375,0.05,low,0,0.2,0,0,0,1,123.46024568775942,-94.66591389973951,596.33203125,1,0,0,1,ok,NA,cap_dem_v1
station,12216,Hahnenkamm-Sonnenrast,47.409168,12.359445,DGM_Tirol_5m_epsg31254_2006_2020,5,1664.718994140625,0.13540962295059072,low,0.2604583680987218,0.17266518000857278,0,0.1808582394917806,0,0.8633259000428638,15.496570488811358,196.05116780598973,360.5570068359375,0.4819958207054981,231.835,0,1,ok,NA,cap_dem_v1
station,12231,Mittersill,47.279167,12.495833,DGM_AT_5m_epsg31287,5.000000000000002,782.4041748046875,0.4678965279555479,medium,0.3899659960179631,0.5141705196111268,0.9745405409071181,0.3130286057790121,0,1,-10.146665787219035,291.7652425130209,4.58270263671875,0,239.655,0,0.95,ok,NA,cap_dem_v1
station,12302,Saalbach,47.38789,12.64844,DGM_AT_5m_epsg31287,5.000000000000002,973.9141845703125,0.6294213142512222,medium,0.5955287388392857,0.899401318359375,0.7903791289234344,0.6507531611124676,0,1,-82.01898446479913,416.8701171875,25.39263916015625,0.009577125616735058,520.1325,0,0.95,ok,NA,cap_dem_v1
station,12311,Schmittenhöhe,47.32872,12.73794,DGM_AT_5m_epsg31287,5.000000000000002,1954.1409912109375,0.007196120839167087,low,0,0.028784483356668347,0,0,0,0.14392241678334172,130.80257829968173,-87.92879231770826,738.819580078125,1,0,0,0.95,ok,NA,cap_dem_v1
station,12322,Zell am See,47.32667,12.79528,DGM_AT_5m_epsg31287,5.000000000000002,764.33343505859375,0.3838167969045002,low,0.3951738998324895,0.2187025664855979,0.8922559950086806,0.345976542154948,0,0.9888333194146489,-41.22359385750963,287.97247314453125,19.3939208984375,0,277.6,0,0.95,ok,NA,cap_dem_v1
station,12323,Zell am See,47.29,12.78639,DGM_AT_5m_epsg31287,5.000000000000002,751.64666748046875,0.3416080746388412,low,0.031834839488826754,0.5160790790921729,0.9830169677734375,0.053508009592692064,0,1,-0.3936443277481203,32.22161051432283,3.05694580078125,0,56.5875,0,0.95,ok,NA,cap_dem_v1
station,12351,Hochfilzen,47.47028,12.62111,DGM_Tirol_5m_epsg31254_2006_2020,5,962.09197998046875,0.22873435418050747,low,0.20525924698668316,0.518628357176436,0.12679725200387515,0.1493533515930176,0,1,-23.26165351947418,152.41864827473955,64.23797607421875,0.09634094022889882,249.8425,0,1,ok,NA,cap_dem_v1
station,12504,Bischofshofen,47.40667,13.22111,DGM_AT_5m_epsg31287,5.000000000000002,548.04656982421875,0.48034122845635246,medium,0.3379425339471725,0.650995636985442,0.9246426052517361,0.3211877644856771,0,1,-29.95291992449586,236.55977376302076,13.5643310546875,0,357.4725,0,0.95,ok,NA,cap_dem_v1
station,12513,St. Veit im Pongau,47.32917,13.155,DGM_AT_5m_epsg31287,5.000000000000002,749.226806640625,0.19725089701370663,low,0.3952386329156662,0.2,0,0.32294159189860033,0,1,17.450616363922563,309.00028483072924,173.38848876953125,0.4645876866446176,189.095,0,0.95,ok,NA,cap_dem_v1
station,12530,St. Johann im Pongau,47.31981,13.18672,DGM_AT_5m_epsg31287,5.000000000000002,632.82623291015625,0.2531477152978684,low,0.36607555208256165,0.44028381382387777,0,0.3437191588083903,0,1,-9.858067919777454,259.166650390625,69.181884765625,0.2402383077657609,327.6175,0,0.95,ok,NA,cap_dem_v1
station,12615,Radstadt,47.38528,13.45611,DGM_AT_5m_epsg31287,5.000000000000002,855.9283447265625,0.15361491041859393,low,0.3161568323862636,0.16555885596474784,0,0.22123992220560712,0,0.8277942798237392,-3.4734665035678063,242.68387858072902,33.008544921875,0.3517098689400335,208.475,0,0.95,ok,NA,cap_dem_v1
station,12616,Radstadt-Tandalier,47.38,13.44083,DGM_AT_5m_epsg31287,5.000000000000002,833.873779296875,0.4157449358207611,medium,0.1858879152994168,0.6250327278537581,0.9535719129774306,0.14866928291320802,0,1,-8.157121901563414,144.1568562825521,8.3570556640625,0,197.3775,0,0.95,ok,NA,cap_dem_v1
station,12711,Ramsau am Dachstein,47.42514,13.63428,DGM_AT_5m_epsg31287,5.000000000000002,1206.187744140625,0.23780826470799574,low,0.18070938499563788,0.2,0,0.13396337381998707,0.8169094159072547,1,1.4201682827435889,140.3358317057291,95.0772705078125,0.3569718358591101,195.925,49.285987180699486,0.95,ok,NA,cap_dem_v1
station,12720,Dachstein-Hunerkogel,47.46778,13.62639,DGM_AT_5m_epsg31287,5.000000000000002,2687.511474609375,0.023235137946143482,low,0,0.08793662112051143,0,0.008339884440104165,0,0.4396831056025571,212.75994322695988,-30.673942057291697,1026.9134521484375,0.9140678517308903,17.1125,0,0.95,ok,NA,cap_dem_v1
station,12721,Dachstein-Schladminger Gletscher,47.474445,13.6325,DGM_AT_5m_epsg31287,5.000000000000002,2516.449951171875,0.1601738994352651,low,0.19520005286136,0.2,0,0.1936093393961589,0.21554990207000863,1,-29.011619175098076,146.4857259114583,479.2662353515625,0.5884685382917327,235.7175,1.8115394560287121,0.95,ok,NA,cap_dem_v1
station,12811,Gröbming,47.44678,13.90422,DGM_AT_5m_epsg31287,5.000000000000002,764.21258544921875,0.19135297567068177,low,0.18641252337505834,0.4939680873459987,0,0.14171881993611665,0,1,-6.790377431428169,143.24567057291665,96.94329833984375,0.15040928874404058,207.2725,0,0.95,ok,NA,cap_dem_v1
station,13116,Seckau,47.27083,14.77861,DGM_AT_5m_epsg31287,5.000000000000002,869.11480712890625,0.09068492170920316,low,0.0870178022726162,0.24931175196531946,0,0.04401688766479493,0,1,0.8179124594296354,71.42095947265625,114.78302001953125,0.3523188064824169,147.185,0,0.95,ok,NA,cap_dem_v1
station,13120,Kalwang,47.42126,14.75961,DGM_AT_5m_epsg31287,5.000000000000002,742.00994873046875,0.5293511600337023,medium,0.4557610338031582,0.660133419648844,0.9250512017144097,0.43578204218546557,0,1,-15.287833169253986,321.36517740885415,13.49078369140625,0,335.3825,0,0.95,ok,NA,cap_dem_v1
station,13250,St. Michael bei Leoben,47.335556,15.005,DGM_AT_5m_epsg31287,5.000000000000002,568.1378173828125,0.43290230534007723,medium,0.19981408598941836,0.6799379455566407,0.9508717854817709,0.15193293571472172,0,1,-6.994099463707698,151.214853922526,8.84307861328125,0,225.1225,0,0.95,ok,NA,cap_dem_v1
station,13302,Bruck an der Mur,47.40556,15.24972,DGM_AT_5m_epsg31287,5.000000000000002,478.4837951660156,0.4837192788910616,medium,0.2925797940751237,0.708876434326172,0.9586683485243056,0.2774770139058432,0,1,-14.835828855812508,208.92032267252603,7.439697265625,0,311.7375,0,0.95,ok,NA,cap_dem_v1
station,13303,Bruck an der Mur / Oberdorf,47.403056,15.233611,DGM_AT_5m_epsg31287,5.000000000000002,488.20745849609375,0.4494811407424818,medium,0.28177285443509215,0.6158606517958756,0.9232003106011285,0.26955134709676115,0,1,-10.111644751268614,200.79739990234373,13.823944091796875,0,315.3925,0,0.95,ok,NA,cap_dem_v1
station,13305,Kapfenberg,47.44592,15.29828,DGM_AT_5m_epsg31287,5.000000000000002,501.9405212402344,0.4281322850366234,medium,0.19534981665245316,0.6721104454473689,0.9454442342122396,0.1478558177947998,0,1,-11.442100096823992,140.4333516438802,9.820037841796875,0,299.9225,0,0.95,ok,NA,cap_dem_v1
station,13308,Frohnleiten,47.25556,15.315,DGM_AT_5m_epsg31287,5.000000000000002,416.6418151855469,0.4677860924105209,medium,0.2774701100820985,0.7068106095983016,0.9512239244249132,0.20980751736958825,0,1,-30.884199276596235,198.20560099283853,8.779693603515625,0,311.0625,0,0.95,ok,NA,cap_dem_v1
station,13312,Leoben,47.37833,15.08667,DGM_AT_5m_epsg31287,5.000000000000002,542.62701416015625,0.3299588861663424,low,0.13349616565073796,0.4720598492090801,0.8154844739978144,0.1031532510121664,0,1,-9.672044517320614,106.03928222656248,24.989501953125,0.006365989011749402,174.0075,0,0.95,ok,NA,cap_dem_v1
station,13401,Kapfenberg Flugfeld,47.45833,15.33556,DGM_AT_5m_epsg31287,5.000000000000002,514.57794189453125,0.34450097029228827,low,0.07323748683060237,0.535520696087886,0.9266852484809027,0.04649583244323731,0,1,-3.0055867461678645,66.9589965820312,13.1966552734375,0,87.875,0,0.95,ok,NA,cap_dem_v1
station,13515,Fischbach,47.44417,15.64389,DGM_AT_5m_epsg31287,5.000000000000002,1032.426025390625,0.11379471143426467,low,0.19068774389990045,0.2,0,0.10748516972859702,0,1,17.46902152253631,155.22444661458348,241.1954345703125,0.6004400805430428,153.445,0,0.95,ok,NA,cap_dem_v1
station,13605,Hartberg,47.28056,15.97861,DGM_AT_5m_epsg31287,5.000000000000002,328.29217529296875,0.322419357172725,low,0.10970545754113954,0.38552580634042743,0.9427941216362847,0.06701811250050863,0,1,-4.907655300017609,93.04825032552083,10.29705810546875,0,125.0875,0,0.95,ok,NA,cap_dem_v1
station,13606,Rohrbach an der Lafnitz/Eichberg,47.4,15.93694,DGM_AT_5m_epsg31287,5.000000000000002,690.47174072265625,0.050639139502141335,low,0.0025565580085653338,0.2,0,0,0,1,26.950479693356442,3.9732259114582575,213.47451782226563,0.8550878067007099,13.01,0,0.95,ok,NA,cap_dem_v1
station,13640,Kroisegg,47.378613,16.042223,DGM_AT_5m_epsg31287,5.000000000000002,447.07830810546875,0.11727561900545339,low,0.058932328638923316,0.4094858706113448,0,0.0011404612859090158,0,0.8980040506054784,-10.830895575728448,50.32181803385413,40.593658447265625,0.13822837370242214,121.0625,0,0.95,ok,NA,cap_dem_v1
station,13702,Bernstein,47.40833,16.26139,DGM_AT_5m_epsg31287,5.000000000000002,630.50970458984375,0.06858173977614303,low,0.05637137934688168,0.2,0,0.02992596626281738,0,1,12.984708923499625,51.34978841145835,190.49014282226563,0.5480582927369353,89.355,0,0.95,ok,NA,cap_dem_v1
station,13706,Bad Tatzmannsdorf,47.33797,16.225,DGM_AT_5m_epsg31287,5.000000000000002,346.4871520996094,0.33515023728208726,low,0.056411791494742396,0.5619118478979905,0.8997645060221354,0.004109508196512861,0,1,-11.145633059451029,48.317913818359386,18.042388916015625,0,119.275,0,0.95,ok,NA,cap_dem_v1
station,13707,Bad Tatzmannsdorf,47.328056,16.228056,DGM_AT_5m_epsg31287,5.000000000000002,333.1599426269531,0.3658505102882127,low,0.05963703760819807,0.6622202715568053,0.9269309149848091,0,0,1,-16.905011236248868,49.22863260904944,13.152435302734375,0,143.02,0,0.95,ok,NA,cap_dem_v1
station,13805,Hirschenstein,47.345276,16.379168,DGM_AT_5m_epsg31287,5.000000000000002,857.9617919921875,0.040516624903505084,low,0,0.16206649961402034,0,0,0,0.8103324980701017,78.24505526945904,-42.614591471354174,319.03656005859375,0.9666110761267465,0,0,0.95,ok,NA,cap_dem_v1
station,13811,Rechnitz,47.30139,16.45417,DGM_AT_5m_epsg31287,5.000000000000002,306.7279052734375,0.14337891954207108,low,0.031142521135988848,0.27477971097174725,0.3325231400685137,0.0026248900095621817,0,1,-1.7034478157207786,33.767079671223996,23.415496826171875,0.0741302001162501,42.9775,0,0.95,ok,NA,cap_dem_v1
station,13906,Lutzmannsburg,47.46417,16.66056,DGM_AT_5m_epsg31287,5.000000000000002,198.60975646972656,0.31024797758474,low,0.015832701045229103,0.4695423473145641,0.9445210774739583,0,0,1,-1.3327253409298976,19.359103902181005,9.9862060546875,0,27.6525,0,0.95,ok,NA,cap_dem_v1
station,13907,Lutzmannsburg,47.46528,16.64556,DGM_AT_5m_epsg31287,5.000000000000002,200.3105926513672,0.3496795595544465,low,0.04163163912659196,0.5905754405718728,0.9567013210720486,0.0019168361028035496,0,1,-2.2378728630417584,40.87761027018229,7.79376220703125,0,64.25,0,0.95,ok,NA,cap_dem_v1
station,14103,Bludenz,47.14778,9.82944,DGM_AT_5m_epsg31287,5.000000000000002,571.1527099609375,0.2733348352924945,low,0.12670057824662131,0.2,0.8821330722226162,0.1015538419087729,0,1,-3.249699750895502,106.36090087890625,20.89495849609375,2.4217095885861368e-4,131.5675,0,0.95,ok,NA,cap_dem_v1
station,14104,Bludenz,47.154167,9.823611,DGM_AT_5m_epsg31287,5.000000000000002,564.22979736328125,0.34004254977768383,low,0.1885334701975634,0.33558732294630705,0.9049706353081597,0.18678816286722824,0,1,-6.078273101634181,148.49598795572888,17.10528564453125,0,181.8525,0,0.95,ok,NA,cap_dem_v1
station,14115,Brand,47.10306,9.73833,DGM_AT_5m_epsg31287,5.000000000000002,1028.61865234375,0.6658828288148554,medium,0.7375554082961311,0.901352353460037,0.36846043474454954,0.7490800882975261,0.4673452545484971,1,-59.39784288231226,516.2887858072918,65.9111328125,0.05024082378342468,472.4175,8.405456064587819,0.95,ok,NA,cap_dem_v1
station,14302,St. Anton am Arlberg,47.13139,10.26667,DGM_Tirol_5m_epsg31254_2006_2020,5,1302.4630126953125,0.6167668848809281,medium,0.6750099400111608,0.861457122428728,0.5666392932322896,0.7060606346130371,0.08942110288361632,1,-47.63455101384375,472.5069580078125,46.7890625,0.028120091611715782,460.03,0.5354828314974932,1,ok,NA,cap_dem_v1
station,14305,Galzig,47.12972,10.23028,DGM_Tirol_5m_epsg31254_2006_2020,5,2074.93310546875,0.0064071503696468395,low,0,0.0026294597541468346,0,0.003600234985351563,0.034731667888715984,0.013147298770734173,100.56797731483698,-15.000480143229197,685.9481201171875,0.9541796136997488,26.1575,0.181241264296016,1,ok,NA,cap_dem_v1
station,14308,Valluga,47.1575,10.21278,DGM_Tirol_5m_epsg31254_2006_2020,5,2796.35205078125,0.007822916259220443,low,0,0,0,0,0.052152775061469626,0,249.71296118708915,-191.47802734375,865.0220947265625,1,0,0.2841715285596426,1,ok,NA,cap_dem_v1
station,14311,Langen am Arlberg,47.13167,10.12333,DGM_AT_5m_epsg31287,5.000000000000002,1217.820068359375,0.6363621977757349,medium,0.7762596609933037,0.9449669540145513,0.29724932985050384,0.8109956130981445,0.16637557392632465,0.7248347700727564,-97.4661936072082,543.3817626953125,89.706298828125,0.048892210182532765,527.6775,1.220877536418738,0.95,ok,NA,cap_dem_v1
station,14403,Landeck,47.14025,10.56364,DGM_Tirol_5m_epsg31254_2006_2020,5,793.92901611328125,0.49070426517410815,medium,0.405592035202753,0.7048967667281301,0.7369681247035796,0.4379229316711426,0,1,-25.073622698036957,283.9144246419271,24.8370361328125,0.017407789224606146,396.275,0,1,ok,NA,cap_dem_v1
station,14513,Imst,47.23694,10.74222,DGM_Tirol_5m_epsg31254_2006_2020,5,770.905029296875,0.20061299640825783,low,0.24188132514520547,0.458825427333529,0,0.1695753885904948,0,1,-9.501851635039998,177.71604410807288,52.27801513671875,0.19105688243558422,265.08,0,1,ok,NA,cap_dem_v1
station,14521,Prutz,47.06861,10.66472,DGM_Tirol_5m_epsg31254_2006_2020,5,869.114990234375,0.6423735820881592,medium,0.674488525390625,0.7943026148075794,0.9502946641710069,0.5674457613627116,0,1,-76.80970916199203,472.1419677734375,8.94696044921875,0,398.495,0,1,ok,NA,cap_dem_v1
station,14603,Haiming,47.25972,10.88944,DGM_Tirol_5m_epsg31254_2006_2020,5,658.02099609375,0.5521522963845499,medium,0.5643790631079847,0.6180521206025507,0.9492557101779514,0.4446223894755046,0,1,-2.759869440174839,431.4849853515625,9.13397216796875,0,213.0275,0,1,ok,NA,cap_dem_v1
station,14622,St. Leonhard im Pitztal,47.02722,10.86556,DGM_Tirol_5m_epsg31254_2006_2020,5,1451.3499755859375,0.9305559140446429,high,1,1,0.6664103334342405,1,0.981825649051965,1,-134.36946020189566,826.3909912109375,31.700927734375,0.022936255889739916,518.2025,109.90014093086428,1,ok,NA,cap_dem_v1
station,14631,Umhausen,47.13917,10.92889,DGM_Tirol_5m_epsg31254_2006_2020,5,1032.844970703125,0.3220984420914476,low,0.45500622390952794,0.5045643878330617,0,0.41247346623738607,0.13556512813461508,1,-17.018469520374538,326.5495442708334,79.511962890625,0.2215464031664314,302.8075,0.915812778148799,1,ok,NA,cap_dem_v1
station,14701,Neustift/Milders,47.10278,11.29194,DGM_Tirol_5m_epsg31254_2006_2020,5,1004.698974609375,0.7238338091337317,high,0.7721727120535713,0.8211632923454089,0.8645449916881923,0.7405611190795899,0.27671094556273135,1,-43.71632254129304,540.5208984374999,22.95098876953125,0.0010933499411805412,414.88,2.7698972128525123,1,ok,NA,cap_dem_v1
station,14801,Brenner,47.005554,11.513333,DGM_Tirol_5m_epsg31254_2006_2020,5,1450.678955078125,0.4371215947295353,medium,0.6304916992187499,0.6940162389637932,0,0.612415278116862,0.09421545644246837,0.7916042941770891,-94.131962834354,441.34418945312495,139.4119873046875,0.17578763508653944,351.48,0.5711967580486671,1,ok,NA,cap_dem_v1
station,14802,Brenner,47.00722,11.51083,DGM_Tirol_5m_epsg31254_2006_2020,5,1409.43896484375,0.44733074568239833,medium,0.5771229771205357,0.7769696199361378,0,0.635852441151937,0.08953153496959622,0.7986135443229365,-86.54120212009752,403.986083984375,98.532958984375,0.12441386248899589,391.58,0.5362962526392976,1,ok,NA,cap_dem_v1
station,14812,Patscherkofel,47.20889,11.46222,DGM_Tirol_5m_epsg31254_2006_2020,5,2248.507080078125,0.04257470638362877,low,0,0.17029882553451509,0,0,0,0.8514941276725754,168.7816313536332,-146.878173828125,859.551025390625,1,0,0,1,ok,NA,cap_dem_v1
station,14822,Rinn,47.24917,11.50389,DGM_Tirol_5m_epsg31254_2006_2020,5,923.7490234375,0.2463487768455772,low,0.5033890179085936,0.2692621937522796,0,0.354573159535726,0,0.9732334180367188,-25.425339342548796,370.6843261718752,164.90203857421875,0.37186211286706705,261.765,0,1,ok,NA,cap_dem_v1
station,14825,Schmirn,47.08722,11.58028,DGM_Tirol_5m_epsg31254_2006_2020,5,1461.5870361328125,0.7286830758126046,high,0.6913606770833336,0.8832419646933757,0.5342321934641268,0.7923973592122396,0.7288424852917735,0.992061508037191,-52.206333212995105,483.9524739583335,50.5269775390625,0.03087397853628834,496.14,31.962676300802052,1,ok,NA,cap_dem_v1
station,14833,Steinach am Brenner,47.09833,11.46611,DGM_Tirol_5m_epsg31254_2006_2020,5,1031.9129638671875,0.5784268510667092,medium,0.47164985584077385,0.8286779052734374,0.8739637087564561,0.523681126912435,0,1,-63.129531474613486,330.1548990885417,21.52593994140625,8.788258333275667e-4,479.5325,0,1,ok,NA,cap_dem_v1
station,14912,Hintertux,47.10694,11.675,DGM_Tirol_5m_epsg31254_2006_2020,5,1500.6949462890625,0.8912721228640972,high,0.8155857631138392,1,0.7686806747474817,0.8945307184855144,0.9963995957554262,1,-121.28279159579802,570.9100341796875,35.3829345703125,0.005189880425155004,541.7875,117.92865327060453,1,ok,NA,cap_dem_v1
station,15001,Mayrhofen,47.159443,11.850555,DGM_Tirol_5m_epsg31254_2006_2020,5,642.77197265625,0.6741410044688546,medium,0.7002643694196429,0.8218276136009457,0.8753161661671096,0.686932477315267,0.10343269255330295,1,-42.19011413975397,490.18505859375,21.13299560546875,9.895782874067512e-4,402.5025,0.6422077557351039,1,ok,NA,cap_dem_v1
station,15002,Mayrhofen,47.1625,11.85139,DGM_Tirol_5m_epsg31254_2006_2020,5,637.8809814453125,0.6774484147775672,medium,0.7529550199962796,0.8196953979492188,0.8892388237847222,0.6096767756144206,0.09991019461390037,1,-72.05019672546905,527.0685139973957,19.93701171875,0,383.3275,0.6146986853644918,1,ok,NA,cap_dem_v1
station,15105,Krimml,47.22911,12.18197,DGM_AT_5m_epsg31287,5.000000000000002,1006.8562622070313,0.3386130434666308,low,0.46515237720954367,0.5050329612364779,0,0.42438614400227864,0.2160585816985577,1,-36.58784073772313,327.39520263671875,102.384765625,0.19111673897549802,338.94,1.818406638354705,0.95,ok,NA,cap_dem_v1
station,15210,Virgen,47.00278,12.45592,DGM_Tirol_5m_epsg31254_2006_2020,5,1208.368896484375,0.2373745694726631,low,0.3344143044322252,0.18769812020572865,0,0.31177237447102873,0.4005373809501357,0.3545057063362477,12.325352016373017,242.14449055989598,159.7470703125,0.3179257947106935,287.83,5.827054932192294,1,ok,NA,cap_dem_v1
station,15321,Rudolfshütte,47.13492,12.62594,DGM_AT_5m_epsg31287,5.000000000000002,2318.004638671875,0.23908508217746904,low,0.15031812741335834,0.13689142279309988,0,0.11521796417236335,1,0.6844571139654994,83.76812897834952,123.84259440104142,378.7003173828125,0.5544406460631393,144.4175,381.03627711683873,0.95,ok,NA,cap_dem_v1
station,15344,Kals,47.00478,12.6465,DGM_Tirol_5m_epsg31254_2006_2020,5,1349.9105224609375,0.5325415387081653,medium,0.6401427525111606,0.775923323395519,0.26624032556870936,0.6263959808349611,0.20878371661672965,0.945033107089553,-42.18793205131442,448.09992675781245,82.7620849609375,0.06085855265434363,438.645,1.721771552115482,1,ok,NA,cap_dem_v1
station,15402,Rauris,47.22353,12.99262,DGM_AT_5m_epsg31287,5.000000000000002,932.625244140625,0.6501129397031855,medium,0.6342386765252974,0.8299311102076379,0.9382046169704861,0.6428637975056967,0,0.8049468108038144,-54.42833612468564,443.9670735677082,11.1231689453125,0,421.5925,0,0.95,ok,NA,cap_dem_v1
station,15411,Sonnblick,47.05417,12.9575,DGM_AT_5m_epsg31287,5.000000000000002,3097.369873046875,0,low,0,0,0,0,0,0,271.7348406936899,-160.32518717447874,1107.5345458984375,1,0,0,0.95,ok,NA,cap_dem_v1
station,15430,Kolm-Saigurn,47.06944,12.98472,DGM_AT_5m_epsg31287,5.000000000000002,1622.5887451171875,0.5796253269949757,medium,0.5649986979166667,0.702893078640461,0.10520023253103282,0.6107489089965821,1,0.740379539134108,-55.51963876990453,395.49908854166665,95.28369140625,0.09317724225252715,456.045,143.33017859911018,0.95,ok,NA,cap_dem_v1
station,15501,Bad Gastein,47.11056,13.13336,DGM_AT_5m_epsg31287,5.000000000000002,1091.0438232421875,0.4208431900091263,medium,0.6318442266555059,0.655135717123934,0,0.6453855717976889,0.015269121964086143,0.8286418636765429,-34.97565163839363,442.29095865885415,218.39154052734375,0.1349346398444366,414.29,0.07597530502388876,0.95,ok,NA,cap_dem_v1
station,15509,Großarltal,47.24144,13.19478,DGM_AT_5m_epsg31287,5.000000000000002,880.39111328125,0.6161816794815446,medium,0.6001386951264885,0.749399761043655,0.8773744883049676,0.6888144518534343,0,0.3077148696713998,-77.71603830456058,420.09708658854197,21.0460205078125,7.749953292692209e-4,469.3425,0,0.95,ok,NA,cap_dem_v1
station,15600,Obertauern,47.26667,13.56667,DGM_AT_5m_epsg31287,5.000000000000002,1930.0150146484375,0.1819951838804881,low,0.27860798084481125,0.3153232154925709,0,0.22341589864095054,0,0.47281738105826043,-11.538522193528934,197.36515299479152,206.87353515625,0.27283735348251476,326.4425,0,0.95,ok,NA,cap_dem_v1
station,15610,Obertauern,47.24889,13.55972,DGM_AT_5m_epsg31287,5.000000000000002,1770.0609130859375,0.192450171486876,low,0.32913339691507165,0.23541168676802798,0,0.3420926704406739,0,0.20976193210093397,12.625351971163582,238.49152018229142,145.4451904296875,0.1879030695563121,286.66,0,0.95,ok,NA,cap_dem_v1
station,15640,Kölnbreinsperre,47.08305,13.346111,DGM_AT_5m_epsg31287,5.000000000000002,1915.401611328125,0.5127853302333861,medium,0.6695966331845232,0.5761843176472923,0,0.5740064366658528,0.7682608468370296,1,-72.32369160102553,468.71764322916624,222.21826171875,0.1533452811779929,379.0675,38.8219435492222,0.95,ok,NA,cap_dem_v1
station,15702,St. Michael im Lungau,47.09447,13.62269,DGM_AT_5m_epsg31287,5.000000000000002,1049.312255859375,0.47120396179322993,medium,0.3245466656744914,0.6314451006709271,0.9500135633680555,0.28135538355509443,0,1,-8.579830018664552,234.08176676432277,8.99755859375,0,294.3175,0,0.95,ok,NA,cap_dem_v1
station,15712,Tamsweg,47.13306,13.80833,DGM_AT_5m_epsg31287,5.000000000000002,1023.251220703125,0.3187444866597126,low,0.11836694354867412,0.4049275626062354,0.8957251654730902,0.05850551350911462,0,1,-9.353218046278698,91.57425944010424,18.76947021484375,0,199.9125,0,0.95,ok,NA,cap_dem_v1
station,15715,Katschberg,47.06056,13.61472,DGM_AT_5m_epsg31287,5.000000000000002,1630.883056640625,0.2238690247555673,low,0.3527761416025858,0.34792224898462476,0,0.3246295140584311,0,0.5494621244070736,2.529775954762272,252.30277506510424,205.1517333984375,0.24709732774248902,308.9125,0,0.95,ok,NA,cap_dem_v1
station,15721,Mariapfarr,47.15222,13.745,DGM_AT_5m_epsg31287,5.000000000000002,1149.6798095703125,0.05797421410071895,low,0.031896856402875796,0.2,0,0,0,1,16.624444782973114,34.25008951822929,92.32470703125,0.5162707665907849,44.635,0,0.95,ok,NA,cap_dem_v1
station,15901,Oberwölz,47.20206,14.28669,DGM_AT_5m_epsg31287,5.000000000000002,841.8173828125,0.2512241606436323,low,0.4005607644364388,0.3725105031533491,0,0.38637562497456873,0,0.540825446239704,-22.3758456912401,281.7931884765626,46.111083984375,0.141480056467462,339.9225,0,0.95,ok,NA,cap_dem_v1
station,15912,Stolzalpe,47.12303,14.18822,DGM_AT_5m_epsg31287,5.000000000000002,1287.758056640625,0.10703616093027864,low,0.18564549844477554,0.17242808051803826,0,0.11678510793050131,0,0.8621404025901913,12.396408720740965,146.5151285807292,482.17987060546875,0.6411203830558669,179.9525,0,0.95,ok,NA,cap_dem_v1
station,15920,Murau,47.11111,14.17694,DGM_AT_5m_epsg31287,5.000000000000002,813.14703369140625,0.45072316151428754,medium,0.39781608654203865,0.6121836245625429,0.6915732914934454,0.39939050292968753,0,1,-14.382723541216706,278.47126057942705,29.67498779296875,0.020628758468447896,365.3975,0,0.95,ok,NA,cap_dem_v1
station,16015,Neumarkt,47.06972,14.42472,DGM_AT_5m_epsg31287,5.000000000000002,867.2408447265625,0.07452217214625136,low,0.08502240364237845,0.2,0,0.02177714157104495,0,1,25.4325040313239,71.4112670898437,59.69805908203125,0.2538755398073303,131.225,0,0.95,ok,NA,cap_dem_v1
station,16101,Zeltweg,47.19983,14.74689,DGM_AT_5m_epsg31287,5.000000000000002,676.091796875,0.2014948627360047,low,0,0.2,0.7574743136800235,0,0,1,-0.05955655651177949,7.50469970703125,25.0008544921875,0.014441707263064658,0,0,0.95,ok,NA,cap_dem_v1
station,16308,Köflach,47.070277,15.087222,DGM_AT_5m_epsg31287,5.000000000000002,464.1580505371094,0.08819319228712019,low,0.10503778425199047,0.2170814818599913,0,0.05108917172749838,0,0.7127988205872915,-7.209132959944554,84.09192911783862,38.829833984375,0.16091691575334882,167.0775,0,0.95,ok,NA,cap_dem_v1
station,16400,Graz Thalerhof Flughafen,46.98056,15.44,DGM_AT_5m_epsg31287,5.000000000000002,332.4084167480469,0.23038818359375002,low,0,0.2,0.90194091796875,0,0,1,0.9610891101463039,2.8769927978515852,17.650634765625,0,0,0,0.95,ok,NA,cap_dem_v1
station,16411,St. Radegund,47.18211,15.48978,DGM_AT_5m_epsg31287,5.000000000000002,724.82659912109375,0.11610767957767638,low,0.19459773022073187,0.19902943813269824,0,0.118005916595459,0,0.925029099722501,-5.303954180380174,147.65574340820308,194.8328857421875,0.44087770043040814,221.92,0,0.95,ok,NA,cap_dem_v1
station,16412,Graz Universität,47.07767,15.44892,DGM_AT_5m_epsg31287,5.000000000000002,366.1357116699219,0.19821139853261255,low,0.03503177683019106,0.2,0.6955248688333469,0.0023232037226359114,0,1,-1.1255645688698337,35.9403055826823,28.82244873046875,0.020624550135651405,53.535,0,0.95,ok,NA,cap_dem_v1
station,16413,Graz Straßgang,47.04611,15.41028,DGM_AT_5m_epsg31287,5.000000000000002,354.9037170410156,0.23970265706380212,low,0,0.2,0.9485132853190105,0,0,1,-0.1941293964677584,3.619964599609375,9.267608642578125,0,0,0,0.95,ok,NA,cap_dem_v1
station,16414,Graz Universität/Heinrichstraße,47.08,15.448056,DGM_AT_5m_epsg31287,5.000000000000002,366.26605224609375,0.21382390542503954,low,0.05132312462081272,0.23716887778954435,0.700952382445839,0.010069522221883145,0,1,-4.3746224714831214,47.7882100423177,28.952789306640625,0.019762654395737468,80.9425,0,0.95,ok,NA,cap_dem_v1
station,16421,Schöckl,47.19861,15.46639,DGM_AT_5m_epsg31287,5.000000000000002,1442.531982421875,0.05,low,0,0.2,0,0,0,1,85.29905879115177,-56.01593831380205,550.381103515625,1,0,0,0.95,ok,NA,cap_dem_v1
station,16430,Graz Lendplatz,47.07556,15.4289,DGM_AT_5m_epsg31287,5.000000000000002,351.07818603515625,0.3048465415880842,low,0.008983905124999584,0.46595795241657345,0.9305553860134549,0,0,1,-3.7371131009987266,14.101222737630223,12.500030517578125,0,12.65,0,0.95,ok,NA,cap_dem_v1
station,16431,Graz Lendplatz Feuerwehrturm,47.07528,15.4294,DGM_AT_5m_epsg31287,5.000000000000002,350.8925476074219,0.30787803948542025,low,0.009101861750197476,0.4771409277019001,0.9315867106119792,0,0,1,-5.093363499783379,14.271388753255223,12.31439208984375,0,12.6875,0,0.95,ok,NA,cap_dem_v1
station,16501,Gleisdorf,47.11556,15.70806,DGM_AT_5m_epsg31287,5.000000000000002,376.2118225097656,0.06588289393128019,low,0.059063661716026505,0.2,0,0.007446523348490399,0,1,-1.8401214745021548,52.726595052083326,29.079010009765625,0.28536333880019654,98.05,0,0.95,ok,NA,cap_dem_v1
station,16511,Laßnitzhöhe,47.07361,15.59222,DGM_AT_5m_epsg31287,5.000000000000002,529.0787353515625,0.05,low,0,0.2,0,0,0,1,24.86456599169702,-1.8113993326822992,95.840240478515625,0.7597700035980183,0,0,0.95,ok,NA,cap_dem_v1
station,16521,Weiz,47.218334,15.634444,DGM_AT_5m_epsg31287,5.000000000000002,464.5995788574219,0.2301747223096914,low,0.054700730600051525,0.38911264690958797,0.5693468732200625,0.03568002192179362,0,1,-7.170554012843809,51.65377400716147,27.291778564453125,0.039468039468039465,76.0575,0,0.95,ok,NA,cap_dem_v1
station,16522,Weiz,47.2022,15.635,DGM_AT_5m_epsg31287,5.000000000000002,454.9292907714844,0.07834429338001563,low,0.05027165353499184,0.2251603024958722,0.0471820354151174,3.326485951741542e-4,0,1,0.906451526610283,46.14082845052087,33.944427490234375,0.11302230002283278,86.3425,0,0.95,ok,NA,cap_dem_v1
station,16601,Fürstenfeld,47.03083,16.08083,DGM_AT_5m_epsg31287,5.000000000000002,271.1659240722656,0.05,low,0,0.2,0,0,0,1,0.3696106597280391,15.750138346354163,27.162017822265625,0.20778178345800147,0,0,0.95,ok,NA,cap_dem_v1
station,16702,Güssing,47.0625,16.32186,DGM_AT_5m_epsg31287,5.000000000000002,215.76634216308594,0.33019813668948883,low,0.009463509273695951,0.5341211924321758,0.9715098063151042,0,0,1,-4.959446794670043,18.094621785481763,5.12823486328125,0,7.5475,0,0.95,ok,NA,cap_dem_v1
station,16711,Wörterberg,47.22619,16.09678,DGM_AT_5m_epsg31287,5.000000000000002,403.5271911621094,0.033491905217592995,low,0,0.13396762087037198,0,0,0,0.6698381043518599,22.705165026894804,-5.976209513346362,101.79818725585938,0.8587365740228103,0,0,0.95,ok,NA,cap_dem_v1
station,16800,Kleinzicken,47.2075,16.326667,DGM_AT_5m_epsg31287,5.000000000000002,263.33734130859375,0.2761693279372768,low,0.006598899385402896,0.33174431948175975,0.9579176161024305,0,0,1,0.13570630404228723,20.482086181640625,7.5748291015625,0,2.75,0,0.95,ok,NA,cap_dem_v1
station,16905,Gaschurn,46.98583,10.02861,DGM_AT_5m_epsg31287,5.000000000000002,973.4505615234375,0.6026465992602882,medium,0.7022691359747023,0.8503300537109375,0.5874975742578676,0.6466485799153646,0,1,-58.5522553091414,491.5883951822916,41.78082275390625,0.028189674856941207,451.6075,0,0.95,ok,NA,cap_dem_v1
station,16906,Gaschurn,46.980278,10.031667,DGM_AT_5m_epsg31287,5.000000000000002,983.16973876953125,0.6791060020856657,medium,0.741776152111235,0.9096178833007813,0.7193707820126125,0.8158889122009277,0,1,-45.16687294549729,519.2433064778645,37.3397216796875,0.011081041797883459,465.5,0,0.95,ok,NA,cap_dem_v1
station,17002,Galtür,46.96806,10.18556,DGM_Tirol_5m_epsg31254_2006_2020,5,1583.2320556640625,0.6347456231541462,medium,0.6568793712797618,0.7890645377861887,0.4224338592266145,0.6636877263387045,0.5947981006102,1,-29.187625674882156,459.8155598958333,45.800048828125,0.05200764024415563,436.3525,16.331525171538555,1,ok,NA,cap_dem_v1
station,17005,Ischgl-Idalpe,46.9825,10.31722,DGM_Tirol_5m_epsg31254_2006_2020,5,2316.0029296875,0.17295014744228623,low,0.324457645871411,0.17865353599472122,0,0.260733512878418,0.053748833626603224,0.8662767610467421,4.651812128408892,237.93050130208303,617.239990234375,0.49111820025050346,267.945,0.29403875855204803,1,ok,NA,cap_dem_v1
station,17102,Nauders,46.89111,10.49694,DGM_Tirol_5m_epsg31254_2006_2020,5,1328.31298828125,0.443316992407004,medium,0.4697079496837796,0.7902578804678277,0.26416897511913146,0.5032782656351726,0,1,-49.07129334700039,328.7955647786457,89.0809326171875,0.05724033883290887,453.1075,0,1,ok,NA,cap_dem_v1
station,17301,Obergurgl,46.86694,11.02444,DGM_Tirol_5m_epsg31254_2006_2020,5,1935.3759765625,0.6787147586616321,medium,0.6928316476004466,0.8279462011449112,0.2022654361575912,0.7204480616251627,1,1,-58.97547023457378,484.9821533203126,99.2559814453125,0.06589155334094605,463.575,156.32532430756166,1,ok,NA,cap_dem_v1
station,17315,Pitztaler Gletscher,46.92706,10.87914,DGM_Tirol_5m_epsg31254_2006_2020,5,2859.111083984375,0.2679891764782421,low,0.24258092856524233,0.09988492956940581,0,0.21581807963053393,1,0.499424647847029,-33.79411418156633,182.35791015625,684.132080078125,0.5655474513169003,233.4875,193.59493113115033,1,ok,NA,cap_dem_v1
station,17320,Brunnenkogel,46.91278,10.86167,DGM_Tirol_5m_epsg31254_2006_2020,5,3426.3720703125,0.028333490339004053,low,0,0.11333396135601621,0,0,0,0.566669806780081,211.91742346888077,-166.55511881510392,689.72412109375,1,0,0,1,ok,NA,cap_dem_v1
station,17701,St. Jakob im Defereggental,46.91694,12.35389,DGM_Tirol_5m_epsg31254_2006_2020,5,1381.5152587890625,0.5858375312050064,medium,0.7598063732328868,0.7848607472736833,0.4971729607079988,0.6610347976684571,0.00720626190997008,0.884705489619505,-84.72382443984975,531.8644612630208,58.8118896484375,0.03138622493461203,433.5025,0.03516384934828957,1,ok,NA,cap_dem_v1
station,17901,Lienz,46.82555,12.80639,DGM_Tirol_5m_epsg31254_2006_2020,5,659.11834716796875,0.31251825364267544,low,0.014450064195998943,0.4626531153052583,0.9662122938368055,0,0,1,-0.7319979141856265,17.62605794270837,6.081787109375,0,27.885,0,1,ok,NA,cap_dem_v1
station,18001,Döllach,46.95806,12.9025,DGM_AT_5m_epsg31287,5.000000000000002,1067.85546875,0.3364514831300518,low,0.55914901297433,0.48228531844114086,0,0.5072860018412273,0,0.918038486060038,-22.206437009998808,391.404309082031,105.5999755859375,0.18845653557689646,351.3675,0,0.95,ok,NA,cap_dem_v1
station,18111,Mallnitz,46.99194,13.16667,DGM_AT_5m_epsg31287,5.000000000000002,1194.720947265625,0.6623236181314223,medium,0.6972036946614584,0.8150084644127242,0.8465703324195464,0.766376745859782,0,1,-48.975509676898355,488.0425862630209,21.919677734375,0.004325139788517965,417.3375,0,0.95,ok,NA,cap_dem_v1
station,18121,Obervellach,46.92889,13.22333,DGM_AT_5m_epsg31287,5.000000000000002,811.22747802734375,0.2736522786331062,low,0.7604214525003622,0.06861413488667685,0,0.4426225452423096,0,0.25335485367584965,-22.37024579425531,550.644510904948,155.068115234375,0.4866875164330294,287.7275,0,0.95,ok,NA,cap_dem_v1
station,18122,Obervellach,46.93528,13.19444,DGM_AT_5m_epsg31287,5.000000000000002,683.84417724609375,0.47952741511627184,medium,0.5155673721569444,0.4596947103810967,0.8303725617795351,0.4642492141723633,0,0.9109607805277374,-26.50877832156391,363.0552368164065,22.7705078125,0.005924408424287306,337.9825,0,0.95,ok,NA,cap_dem_v1
station,18210,Millstatt,46.80806,13.57278,DGM_AT_5m_epsg31287,5.000000000000002,717.16680908203125,0.11296509089504655,low,0.17022745979652734,0.22633168880257976,0,0.09216869163513186,0,0.869390654780478,22.33810461244616,128.45137939453116,129.79443359375,0.4416837910206115,228.71,0,0.95,ok,NA,cap_dem_v1
station,18225,Spittal an der Drau,46.7905,13.48725,DGM_AT_5m_epsg31287,5.000000000000002,540.7313232421875,0.29229608792243544,low,0.09128862860641007,0.29049440548689615,0.9162200927734375,0.0907087389628093,0,1,-0.10639927289173556,81.56949869791674,15.08038330078125,0,97.63,0,0.95,ok,NA,cap_dem_v1
station,18231,Gmünd,46.90278,13.53417,DGM_AT_5m_epsg31287,5.000000000000002,736.14666748046875,0.5027949833399576,medium,0.3388228120349702,0.7815798339843749,0.8710641151074612,0.32320999209086104,0,1,-27.62619473832467,237.17596842447915,22.63677978515625,4.359439223881423e-4,429.34,0,0.95,ok,NA,cap_dem_v1
station,18402,Flattnitz,46.94083,14.03611,DGM_AT_5m_epsg31287,5.000000000000002,1433.38818359375,0.1805433575528069,low,0.25504207865384027,0.34885334557594194,0,0.19713000996907556,0,0.96434044336802,-9.955143080034986,184.7273030598958,247.6336669921875,0.3034220269194838,287.3425,0,0.95,ok,NA,cap_dem_v1
station,18502,Weitensfeld,46.84917,14.19083,DGM_AT_5m_epsg31287,5.000000000000002,702.11700439453125,0.4569746443884133,medium,0.2780630722289729,0.7007709308923071,0.9194091796875,0.18922871780395512,0,1,-29.723562847668745,195.08133748372393,14.50634765625,0,345.42,0,0.95,ok,NA,cap_dem_v1
station,18601,Friesach,46.95861,14.40583,DGM_AT_5m_epsg31287,5.000000000000002,636.86541748046875,0.4269393034905935,medium,0.2811956291030514,0.5166710775215404,0.9452470567491319,0.25615476989746094,0,1,-1.3293278022532604,211.25882568359373,9.85552978515625,0,234.26,0,0.95,ok,NA,cap_dem_v1
station,18617,Treibach-Althofen,46.863056,14.460556,DGM_AT_5m_epsg31287,5.000000000000002,610.89190673828125,0.11678267432432765,low,0.0033281772251652006,0.2,0.3297531500901817,0,0,1,10.112890341500588,5.728065999348928,33.61602783203125,0.07134256888605948,9.845,0,0.95,ok,NA,cap_dem_v1
station,18622,St. Veit an der Glan,46.73917,14.38556,DGM_AT_5m_epsg31287,5.000000000000002,461.04827880859375,0.37527780256224075,low,0.0921955507551602,0.6113157431628294,0.9672749837239584,0.03963321558634441,0,1,-5.824119732381291,72.13763631184895,5.8905029296875,0,188.2875,0,0.95,ok,NA,cap_dem_v1
station,18705,St. Andrä im Lavanttal,46.76417,14.82806,DGM_AT_5m_epsg31287,5.000000000000002,402.20458984375,0.3282355601823038,low,0.029627205181516177,0.520710399482534,0.9440022786458333,0.012338021914164226,0,1,-5.968858031743764,31.996197509765636,10.07958984375,0,43.6475,0,0.95,ok,NA,cap_dem_v1
station,18805,Preitenegg,46.938333,14.920278,DGM_AT_5m_epsg31287,5.000000000000002,1058.8634033203125,0.0496662636591267,low,0,0.1986650546365068,0,0,0,0.9933252731825339,37.8796898674716,-10.142065429687591,283.9071044921875,0.9247209902510914,0,0,0.95,ok,NA,cap_dem_v1
station,18905,Deutschlandsberg,46.82167,15.22889,DGM_AT_5m_epsg31287,5.000000000000002,350.8130798339844,0.28277479987446985,low,0.035706152551861894,0.36620221565566646,0.906803215874566,0.00624709765116374,0,1,-2.8832820381614965,36.640155029296864,16.775421142578125,0,53.4875,0,0.95,ok,NA,cap_dem_v1
station,18906,Deutschlandsberg,46.82167,15.22694,DGM_AT_5m_epsg31287,5.000000000000002,352.31732177734375,0.2888867558087995,low,0.03945693000456463,0.3837828143643952,0.9065295749240452,0.01180603154500326,0,1,-4.234970680755225,39.365273030598985,16.824676513671875,0,60.075,0,0.95,ok,NA,cap_dem_v1
station,19021,Leibnitz-Wagna,46.76739,15.55289,DGM_AT_5m_epsg31287,5.000000000000002,268.36859130859375,0.23769602457682293,low,0,0.2,0.9384801228841145,0,0,1,1.1160674300318192,1.7147216796875,11.073577880859375,0,0,0,0.95,ok,NA,cap_dem_v1
station,19204,Bad Gleichenberg,46.87222,15.90361,DGM_AT_5m_epsg31287,5.000000000000002,267.4256286621094,0.3705322187627318,low,0.07644081617713813,0.6313530764256348,0.9542599148220486,0.018211750984191897,0,1,-16.266624960881188,62.489402262369765,8.23321533203125,0,150.1825,0,0.95,ok,NA,cap_dem_v1
station,19205,Feldbach,46.94889,15.87972,DGM_AT_5m_epsg31287,5.000000000000002,322.2537536621094,0.05119365112825231,low,0.0304405837826913,0.17433402073031795,0,0,0,0.8716701036515897,4.874421285863434,32.780426025390625,46.782928466796875,0.5520400819354482,44.1375,0,0.95,ok,NA,cap_dem_v1
station,19505,Sillian,46.74644,12.42358,DGM_Tirol_5m_epsg31254_2006_2020,5,1078.62939453125,0.5763091760048636,medium,0.46292199125744055,0.7685294365609776,0.9733717176649306,0.4918131701151531,0,1,-26.86877312197248,324.0453938802084,4.7930908203125,0,409.6475,0,1,ok,NA,cap_dem_v1
station,19700,Dellach,46.74189,13.08286,DGM_AT_5m_epsg31287,5.000000000000002,625.30035400390625,0.16255059964770574,low,0.2719749251380556,0.26768876648255246,0,0.18423117828369145,0,1,-24.027648269365613,199.45957845052078,32.961181640625,0.35301932617856474,267.8275,0,0.95,ok,NA,cap_dem_v1
station,19711,Kornat,46.685001,12.888889,DGM_AT_5m_epsg31287,5.000000000000002,987.22479248046875,0.1567015307376853,low,0.2849728648941006,0.2,0,0.2363887634277344,0,1,40.919578879698406,216.7289998372396,190.97467041015625,0.34306175402179556,219.1625,0,0.95,ok,NA,cap_dem_v1
station,19720,Kötschach-Mauthen,46.67638,12.99833,DGM_AT_5m_epsg31287,5.000000000000002,703.07232666015625,0.38597845975910144,low,0.2733521308558492,0.42185952210471034,0.8937428792317709,0.22284647115071615,0,1,-24.16155563129223,197.35526123046873,19.12628173828125,0,292.6375,0,0.95,ok,NA,cap_dem_v1
station,19821,Weißensee-Gatschach,46.71861,13.28583,DGM_AT_5m_epsg31287,5.000000000000002,949.14080810546875,0.2781747575371254,low,0.584654821923259,0.28961638382338706,0,0.3973797073364258,0,0.6035664842598423,-23.62554358570253,425.23393961588545,21.42718505859375,0.13558864639698862,280.6325,0,0.95,ok,NA,cap_dem_v1
station,19911,Hermagor,46.60972,13.49222,DGM_AT_5m_epsg31287,5.000000000000002,559.49737548828125,0.3011695012154565,low,0.1433149392041677,0.2462118857717939,0.9740386962890625,0.05986703809102377,0,1,-17.42563329451889,110.08501180013025,4.67303466796875,0,207.7075,0,0.95,ok,NA,cap_dem_v1
station,20002,Bad Bleiberg,46.62528,13.68444,DGM_AT_5m_epsg31287,5.000000000000002,905.69195556640625,0.6010296260585075,medium,0.6082999383835568,0.8632854370117187,0.6624000536265682,0.6710218098958334,0,1,-57.11565747475868,425.80995686848973,39.244384765625,0.01834976647638817,474.485,0,0.95,ok,NA,cap_dem_v1
station,20011,Fresach,46.71528,13.68528,DGM_AT_5m_epsg31287,5.000000000000002,680.97808837890625,0.18167406253900806,low,0.2445006795852568,0.3697017065113271,0,0.1874897734324138,0,1,-22.228522945539453,177.72112019856775,179.488525390625,0.3400758446016082,281.62,0,0.95,ok,NA,cap_dem_v1
station,20021,Villacher Alpe,46.60361,13.67278,DGM_AT_5m_epsg31287,5.000000000000002,2115.7646484375,0.022171647224711145,low,0,0.08868658889884458,0,0,0,0.4434329444942229,184.79902735829842,-101.2294921875,1058.708251953125,1,0.6375,0,0.95,ok,NA,cap_dem_v1
station,20101,Kanzelhöhe,46.67722,13.90194,DGM_AT_5m_epsg31287,5.000000000000002,1521.1744384765625,0.012167648947541384,low,0.009816389539886696,0.01823488633450734,0,0.0343655331929525,0,0.0911744316725367,120.9499851451842,10.394376627604288,824.98370361328125,0.8386052079801258,47.155,0,0.95,ok,NA,cap_dem_v1
station,20105,Arriach,46.72769,13.85244,DGM_AT_5m_epsg31287,5.000000000000002,887.86322021484375,0.19086791712765733,low,0.24856342365848125,0.37297698188217737,0,0.23655210494995124,0,1,34.5977694568104,180.5370035807291,213.236083984375,0.15376312093052222,282.835,0,0.95,ok,NA,cap_dem_v1
station,20123,Villach Stadt,46.61806,13.87389,DGM_AT_5m_epsg31287,5.000000000000002,491.47857666015625,0.2551444150070809,low,0.012042543814188565,0.24863168739469044,0.9496198866102431,3.458658854166696e-4,0,1,0.8125494061277436,17.113600667317712,9.06842041015625,0,16.9375,0,0.95,ok,NA,cap_dem_v1
station,20202,Ferlach,46.53111,14.31417,DGM_AT_5m_epsg31287,5.000000000000002,458.389892578125,0.05513215515448025,low,0.020528620617921,0.2,0,0,0,1,5.142372167266217,25.602423095703102,39.892852783203125,0.25320038196991296,25.83,0,0.95,ok,NA,cap_dem_v1
station,20209,Klagenfurt/HTL1-Lastenstraße,46.61944,14.316667,DGM_AT_5m_epsg31287,5.000000000000002,440.62713623046875,0.2393416680230035,low,0,0.2,0.9467083401150174,0,0,1,0.14243002862281173,3.8769246419270758,9.592498779296875,0,0,0,0.95,ok,NA,cap_dem_v1
station,20211,Klagenfurt Flughafen,46.65001,14.33333,DGM_AT_5m_epsg31287,5.000000000000002,482.1220397949219,0.05936246882456883,low,0.06293232464141217,0.16062398986584753,0,0.02315593465169271,0,0.8031199493292376,13.771807574254012,56.725738525390625,44.438140869140625,0.5343754973807497,93.7675,0,0.95,ok,NA,cap_dem_v1
station,20212,Klagenfurt Flughafen,46.64833,14.31833,DGM_AT_5m_epsg31287,5.000000000000002,450.6141662597656,0.2616141706914685,low,0.03478183516613992,0.2691427024174423,0.9281651814778646,0,0,1,0.051568047386126636,36.72456868489587,12.930267333984375,0,47.6925,0,0.95,ok,NA,cap_dem_v1
station,20220,Pörtschach,46.63083,14.16528,DGM_AT_5m_epsg31287,5.000000000000002,450.6712646484375,0.28108422734274924,low,0.14055820780069786,0.2,0.9368711683485244,0.05713627815246582,0,1,-12.472310575662334,109.19319458007817,11.363189697265625,0,195.5625,0,0.95,ok,NA,cap_dem_v1
station,20270,Feldkirchen,46.72194,14.09694,DGM_AT_5m_epsg31287,5.000000000000002,544.49407958984375,0.33845371748256464,low,0.07899720026020961,0.6091569136591478,0.8071445003686983,0.03324192619323732,0,1,-5.4814857895228215,66.98147786458333,22.94873046875,0.00898961937716263,125.28,0,0.95,ok,NA,cap_dem_v1
station,20408,Völkermarkt,46.661388,14.618611,DGM_AT_5m_epsg31287,5.000000000000002,471.51190185546875,0.1898713162401042,low,0.16298358161390025,0.40642906864031436,0.1606727476575025,0.10255736096700033,0,1,-18.458332740461344,123.30892537434897,81.781890869140625,0.08466505637185352,225.455,0,0.95,ok,NA,cap_dem_v1
station,20411,Völkermarkt Goldbrunnhof,46.670834,14.639167,DGM_AT_5m_epsg31287,5.000000000000002,467.49847412109375,0.18123899653499448,low,0.04479106469238533,0.3815615849571189,0.36753152771453246,0.0076301905314127665,0,1,0.12349925538120488,41.854726155598996,74.413604736328125,0.04481341011018216,79.67,0,0.95,ok,NA,cap_dem_v1
station,20412,Feistritz ob Bleiburg,46.561389,14.765,DGM_AT_5m_epsg31287,5.000000000000002,522.49822998046875,0.06016674918600865,low,0.040649060800431056,0.2,0,2.9893239339193744e-5,0,1,1.7719878210672277,40.21014200846355,32.911590576171875,0.32612682440708934,62.265,0,0.95,ok,NA,cap_dem_v1
station,20901,Bad Radkersburg,46.68667,15.97861,DGM_AT_5m_epsg31287,5.000000000000002,207.69688415527344,0.27705026837813124,low,0.04957308119668376,0.2737614649703957,0.9742796156141493,0.009071391423543296,0,1,-2.506014229636463,46.9986623128255,4.629669189453125,0,74.7375,0,0.95,ok,NA,cap_dem_v1
station,20902,Bad Radkersburg,46.68583,15.97944,DGM_AT_5m_epsg31287,5.000000000000002,206.17530822753906,0.3707742631995871,low,0.054506144542634416,0.6368842215152625,0.9827328152126736,0.009200724283854177,0,1,-5.832019701852715,50.33550313313799,3.10809326171875,0,83.985,0,0.95,ok,NA,cap_dem_v1
station,20903,Bad Radkersburg,46.69222,15.99333,DGM_AT_5m_epsg31287,5.000000000000002,207.8673858642578,0.23159698205565626,low,3.0482546654857207e-4,0.2,0.9076038784450955,0,0,1,0.8243578386700108,0.6678314208984375,16.631301879882813,0,5.505,0,0.95,ok,NA,cap_dem_v1
station,21101,Loibl Tunnel,46.44389,14.24917,DGM_AT_5m_epsg31287,5.000000000000002,1096.0367431640625,0.33346838450840166,low,0.46718744768415166,0.5816539309256268,0,0.47505359903971356,0,0.987214735389015,-43.80744148782651,327.03121337890616,258.4365234375,0.1793308653080995,387.9525,0,0.95,ok,NA,cap_dem_v1
station,21300,Bad Eisenkappel,46.49056,14.59333,DGM_AT_5m_epsg31287,5.000000000000002,620.61737060546875,0.2417752166571481,low,0.3419683122394632,0.4336973641883235,0,0.3190586503346762,0,0.7207914343724241,-15.335534495332922,241.10359090169277,101.15814208984375,0.19160081376198845,335.58,0,0.95,ok,NA,cap_dem_v1
station,ABIR1,Birgitzköpfl,47.194818,11.316349,DGM_Tirol_5m_epsg31254_2006_2020,5,2039.4119873046875,0.10846785001735337,low,0.17984702555800458,0.15820914623992455,0,0.15969204711914062,0,0.7910457311996226,43.99058748111065,147.714599609375,586.7099609375,0.688765413304917,146.67,0,1,ok,NA,cap_dem_v1
station,ABRA2,Alpbach Wiedersberger Horn,47.3683333333333,11.925,DGM_Tirol_5m_epsg31254_2006_2020,5,1840.572021484375,0.0508373643849221,low,0.09381036020631836,0.07182310154479583,0,0.06285999298095704,0,0.35911550772397915,40.19207321621411,84.63566080729152,595.4010009765625,0.7790808701428097,93.375,0,1,ok,NA,cap_dem_v1
station,ACOM1,Assling Compedal Windstation,46.8047,12.6097,DGM_Tirol_5m_epsg31254_2006_2020,5,2161.415771484375,0.02944034700474894,low,0.04027353213433818,0.06080284306727475,0,0.02780835469563805,0,0.30401421533637374,84.553935682874,39.952010091145894,662.34521484375,0.8534843651611921,61.525,0,1,ok,NA,cap_dem_v1
station,AKLE1,Saupanzen,47.365126,12.00693,DGM_Tirol_5m_epsg31254_2006_2020,5,1955.4930419921875,0.03867856230128521,low,0,0.1462965627427385,0,0.01402947743733724,0,0.7314828137136925,171.31238570682922,-59.979842122395894,757.906005859375,0.9213057800907984,18.88,0,1,ok,NA,cap_dem_v1
station,AKLE2,Kleiner Beil,47.351489,12.01605,DGM_Tirol_5m_epsg31254_2006_2020,5,1880.7230224609375,0.15193840406340337,low,0.2773678344024634,0.19095889433894309,0,0.23237814585367844,0,0.9547944716947153,-10.070857796291648,204.6749267578125,565.864013671875,0.4921152236038168,258.725,0,1,ok,NA,cap_dem_v1
station,ARAU1,Raucheggen Windstation,46.8033721,12.4790204,DGM_Tirol_5m_epsg31254_2006_2020,5,2484.098876953125,0.01957715695811459,low,0.012066329393892673,0.04823062546493287,0,0.030019454956054695,0,0.24115312732466432,169.65820696484616,12.924080403645803,812.6280517578125,0.8775079416711076,45.075,0,1,ok,NA,cap_dem_v1
station,ARAU2,Raucheggen Schneestation,46.8055189,12.4719505,DGM_Tirol_5m_epsg31254_2006_2020,5,2217.4921875,0.108376905496148,low,0.2296557770334739,0.10412962510248525,0,0.16620369974772137,0,0.5206481255124262,69.49724487534559,188.03304036458348,823.0899658203125,0.701733264141152,149.0075,0,1,ok,NA,cap_dem_v1
station,AXLIZ1,Speicherteich Axamer Lizum,47.1801049847685,11.2880109778398,DGM_Tirol_5m_epsg31254_2006_2020,5,2102.076904296875,0.1781875676771795,low,0.336481155949107,0.1947559845716227,0,0.30252188364664717,0,0.4969272798620137,-68.24388008525739,244.10107421875,450.036865234375,0.5462873907598204,284.7625,0,1,ok,NA,cap_dem_v1
station,AXLIZ3,Axams Hoadlsattel,47.178144,11.282456,DGM_Tirol_5m_epsg31254_2006_2020,5,2277.052978515625,0.054593076783362164,low,0.08171752995778453,0.08858846400427739,0,0.08011052195231125,0,0.4429423200213869,110.80550978142355,76.19715169270876,653.5419921875,0.7739806120825059,80.4325,0,1,ok,NA,cap_dem_v1
station,BJOE1,Jöchelspitze Windstation,47.281714,10.359234,DGM_Tirol_5m_epsg31254_2006_2020,5,2222.9560546875,0.039056969672148514,low,0,0.1346867129419293,0,0,0.03590194291110794,0.6734335647096464,199.54819317498436,-67.926025390625,918.8720703125,0.947197985067914,11.9925,0.18788949433997568,1,ok,NA,cap_dem_v1
station,EERF1,Dalfazkamm,47.448514,11.751511,DGM_Tirol_5m_epsg31254_2006_2020,5,2144.447021484375,0.04239616055741102,low,0,0.1695846422296441,0,0,0,0.8479232111482204,221.49594938998644,-91.2736653645834,1002.2459716796875,0.9518837571354437,11.1925,0,1,ok,NA,cap_dem_v1
station,EERF2,Erfurter Hütte,47.441861,11.762127,DGM_Tirol_5m_epsg31254_2006_2020,5,1815.946044921875,0.13799538326623498,low,0.23501243726793616,0.17231505145496262,0,0.2410900739034018,0,0.861575257274813,91.2860064824506,177.83369140624995,700.717041015625,0.498228422742623,225.25,0,1,ok,NA,cap_dem_v1
station,FHOC1,Reckmoos,47.4275,12.5553,DGM_Tirol_5m_epsg31254_2006_2020,5,1826.3330078125,0.03926332128975939,low,0.05097290737470615,0.07661577817495638,0,0.049107666015625044,0,0.38307889087478186,66.17692740057828,49.174849446614644,582.1099853515625,0.8670089467966593,69.285,0,1,ok,NA,cap_dem_v1
station,FHOC2,Hochhörndl,47.4253,12.5589,DGM_Tirol_5m_epsg31254_2006_2020,5,1692.0589599609375,0.105276870297441,low,0.2028389062926896,0.1255241649544474,0,0.15457401657104494,0,0.627620824772237,15.408471215270765,164.44302978515634,571.60498046875,0.7734327965732238,156.6625,0,1,ok,NA,cap_dem_v1
station,FISS1,Fiss Windstation,47.076591,10.599505,DGM_Tirol_5m_epsg31254_2006_2020,5,2485.1630859375,0.03146186667753486,low,0,0.12584746671013944,0,0,0,0.6292373335506972,120.9964749679998,-66.68141276041706,696.6590576171875,0.9829566685580636,0,0,1,ok,NA,cap_dem_v1
station,FISS2,Fiss Schneestation,47.0653944409274,10.5846472372784,DGM_Tirol_5m_epsg31254_2006_2020,5,2096.77099609375,0.28741225016345234,low,0.5435539761337975,0.32532851214070574,0,0.46159495544433604,0.006349231854507357,0.6376428335511874,-30.527280046947908,383.9682128906252,481.89794921875,0.395271111849207,331.84,0.03091791614559266,1,ok,NA,cap_dem_v1
station,FSEE1,Sennjoch,47.137671,11.296132,DGM_Tirol_5m_epsg31254_2006_2020,5,2243.029052734375,0.05045941606495213,low,0.09577023091108286,0.06261344164950687,0,0.07242331949869799,0,0.3130672082475343,132.35373983014824,87.95662434895803,797.132080078125,0.7781852400260161,86.095,0,1,ok,NA,cap_dem_v1
station,FSEE2,Schlicker Alm,47.154432,11.303207,DGM_Tirol_5m_epsg31254_2006_2020,5,1641.094970703125,0.5134658897373293,medium,0.6663677920386908,0.9236884610024234,0,0.7730121765136719,0,0.932855709220646,-101.34529334610602,466.4574544270836,189.2259521484375,0.10518921462779948,501.11,0,1,ok,NA,cap_dem_v1
station,FSON1,Sonntagsköpfl Windstation,47.271989,11.755802,DGM_Tirol_5m_epsg31254_2006_2020,5,2242.758056640625,0.058387399784970345,low,0.07287418077950428,0.1278785143686779,0,0.05466150665283204,0,0.6393925718433894,176.87594061415848,68.829833984375,767.4830322265625,0.7710329843692699,75.985,0,1,ok,NA,cap_dem_v1
station,FSON2,Sonntagsköpfl,47.2750109996503,11.7520860065085,DGM_Tirol_5m_epsg31254_2006_2020,5,2071.4150390625,0.15334050435671495,low,0.297297137055766,0.2,0,0.1934414672851563,0,1,-20.378582604353596,232.77507324218732,488.30908203125,0.6957225689495316,187.6175,0,1,ok,NA,cap_dem_v1
station,FURG2,Fiss Urgtal Schneestation,47.0878037,10.5731347,DGM_Tirol_5m_epsg31254_2006_2020,5,1855.56005859375,0.42892514613635707,medium,0.6538283342633927,0.6584224891598599,0,0.6674823633829753,0.0049339051539842365,0.9377361464418561,-35.046119656464725,457.6798339843749,385.89111328125,0.19397500311422997,408.8075,0.02394414137436913,1,ok,NA,cap_dem_v1
station,GADA2,Adamsberg,46.984781,10.190156,DGM_Tirol_5m_epsg31254_2006_2020,5,2373.572021484375,0.21236565991233558,low,0.3011286361201493,0.07007345978135629,0,0.23007494608561202,0.5670259601607825,0.3503672989067814,57.28012564288019,231.532958984375,823.35498046875,0.6140742944517861,206.6225,14.170272235473726,1,ok,NA,cap_dem_v1
station,GAMA1,Grieskopf,46.982889,10.171564,DGM_Tirol_5m_epsg31254_2006_2020,5,2752.549072265625,0.0461731627437702,low,0,0.1846926509750808,0,0,0,0.9234632548754039,186.28894035610983,-84.72607421875,1066.4820556640625,0.9931215832814339,0,0,1,ok,NA,cap_dem_v1
station,GAMA2,Am Adamsberg (Hauptstation),46.988531,10.198715,DGM_Tirol_5m_epsg31254_2006_2020,5,2301.659912109375,0.2587607787077517,low,0.29963365388871216,0.2,0,0.24096816507975266,0.6513809364907388,1,46.76054901469661,228.0477294921875,727.305908203125,0.5471234620867182,218.285,21.734566891627782,1,ok,NA,cap_dem_v1
station,GGAL1,Kalkwand,47.053101,11.325632,DGM_Tirol_5m_epsg31254_2006_2020,5,2447.093017578125,0.09723340069906704,low,0,0.12838040357543995,0,0.03160406748453786,0.40265126455017586,0.6419020178771997,164.66001163835972,-15.676025390625,1025.321044921875,0.9274983218806008,37.59,5.896617870253368,1,ok,NA,cap_dem_v1
station,GGAL2,Gallreideschrofen,47.052267,11.335489,DGM_Tirol_5m_epsg31254_2006_2020,5,2180.257080078125,0.23872441742752715,low,0.3395970145272215,0.1552042833590018,0,0.3467272720336917,0.42010001433945066,0.7760214167950089,159.008098484765,266.059814453125,939.5960693359376,0.6241825316087778,187.005,6.498565060527059,1,ok,NA,cap_dem_v1
station,GJAM1,Westliches Gamshorn,46.896034,10.190435,DGM_Tirol_5m_epsg31254_2006_2020,5,2985.326904296875,0.055094876267274454,low,0,0.06718079135942596,0,0,0.25533118951611977,0.3359039567971298,282.507828924407,-109.89047851562464,1025.7548828125,0.9610730174984605,5.1775,2.4025151382117467,1,ok,NA,cap_dem_v1
station,GJAM2,Jamtalhütte Schneestation,46.885912,10.177635,DGM_Tirol_5m_epsg31254_2006_2020,5,2171.14111328125,0.6136740691283565,medium,0.6210151599702379,0.7756446095671318,0.0021311020123068853,0.7605527089436849,1,0.8971538018679732,-46.2786965246778,434.7106119791665,177.276123046875,0.10310063036694136,464.2725,219.28923080498373,1,ok,NA,cap_dem_v1
station,GPRE1,Predigberg Windstation,46.960398,10.207991,DGM_Tirol_5m_epsg31254_2006_2020,5,2364.302001953125,0.16637401208000652,low,0.09527457435841975,0.2,0,0.08633629099527995,0.5306994989407307,1,96.97565656041343,86.25701497395858,824.6419677734375,0.8355581390520874,91.8925,11.744803750748494,1,ok,NA,cap_dem_v1
station,GPRE2,Predigberg Schneestation,46.963487,10.216496,DGM_Tirol_5m_epsg31254_2006_2020,5,2354.093994140625,0.11994440514420834,low,0.07562221868383895,0.06698045420178649,0,0.06993780771891277,0.49202043843310045,0.33490227100893244,71.07476072029522,70.30839029947947,823.6820068359375,0.8751228356700945,81.485,9.58700141354017,1,ok,NA,cap_dem_v1
station,HHAH1,Hahnenkamm Windstation,47.4765333333333,10.6409611111111,DGM_Tirol_5m_epsg31254_2006_2020,5,1884.072998046875,0.04440592925024922,low,0,0.17762371700099688,0,0,0,0.8881185850049843,144.71297414352534,-81.074951171875,766.3809814453125,0.965047159692476,5.24,0,1,ok,NA,cap_dem_v1
station,IMOS1,Mosesgipfel Windstation,46.820923,12.336998,DGM_Tirol_5m_epsg31254_2006_2020,5,1513.62939453125,0.5499878759230914,medium,0.788464425223214,0.8741545674885904,0.09489716605419247,0.7690246302286785,0,0.8758127543102325,-99.08570924698644,551.9250976562498,113.6702880859375,0.08909712514014423,483.9025,0,1,ok,NA,cap_dem_v1
station,IMOS2,Mosesgipfel Schneestation,46.8175,12.3227777777778,DGM_Tirol_5m_epsg31254_2006_2020,5,2233.325927734375,0.061555019491125164,low,0.17772911116762563,0,0,0.11415161132812505,0,0,147.52581353894357,151.9817871093751,805.1038818359375,0.7474691558778552,120.215,0,1,ok,NA,cap_dem_v1
station,IMUT1,Vorderer Maldonkopf,47.275091,10.667904,DGM_Tirol_5m_epsg31254_2006_2020,5,2553.152099609375,2.3010978698730653e-4,low,0,0,0,0.0015340652465820437,0,0,201.3780359080788,-29.884163411458303,785.64404296875,0.9144361713906112,25.035,0,1,ok,NA,cap_dem_v1
station,IMUT2,Muttekopfhütte,47.2619589979091,10.6688387774755,DGM_Tirol_5m_epsg31254_2006_2020,5,1960.1259765625,0.452795465215996,medium,0.6885931454613098,0.6929202537937875,0,0.7161141026814779,0,0.2298944225630566,-74.53172233863961,482.0152018229169,348.2159423828125,0.1935812003072388,458.055,0,1,ok,NA,cap_dem_v1
station,INAC1,Palinkopf,46.950206,10.309403,DGM_Tirol_5m_epsg31254_2006_2020,5,2862.950927734375,0.048417053533581375,low,0,0.1936682141343255,0,0,0,0.9683410706716274,202.14482630536713,-161.240966796875,708.48583984375,1,0,0,1,ok,NA,cap_dem_v1
station,INAC2,Nachtweide,46.982623,10.306146,DGM_Tirol_5m_epsg31254_2006_2020,5,2108.068115234375,0.16488271826774004,low,0.32048583563493227,0.14576823463003336,0,0.24063675689697273,0.08149124777968475,0.7288411731501667,69.5376573245444,239.45157877604152,462.4290771484375,0.5006400631067626,241.48,0.4781849583302478,1,ok,NA,cap_dem_v1
station,IPIS1,Madleinkopf,47.01712,10.248778,DGM_Tirol_5m_epsg31254_2006_2020,5,2905.8701171875,0.012194523835641402,low,0,0.04877809534256561,0,0,0,0.24389047671282804,286.40719216289426,-211.12482910156223,895.8450927734375,0.9991557969760925,0,0,1,ok,NA,cap_dem_v1
station,IPIS2,Pischgraben,47.018201,10.267623,DGM_Tirol_5m_epsg31254_2006_2020,5,2300.381103515625,0.22779230864515387,low,0.2800311953458729,0.13368498122408554,0,0.2235929438273113,0.6054954861904505,0.6684249061204277,49.46419333747099,222.4664306640625,891.7930908203125,0.7024288976541416,173.8825,17.24387720413976,1,ok,NA,cap_dem_v1
station,ISEE1,Hafelekar,47.312079,11.383623,DGM_Tirol_5m_epsg31254_2006_2020,5,2279.37109375,0.00405952363714845,low,0,0.01115404608667976,0,0.00847341410319011,0,0.05577023043339879,166.8484258438002,-29.11953124999991,876.7200927734375,0.920203159489887,24.8475,0,1,ok,NA,cap_dem_v1
station,ISEE2,Seegrube,47.3063819943737,11.3779335010812,DGM_Tirol_5m_epsg31254_2006_2020,5,1923.2159423828125,0.21691644238082938,low,0.449811326963248,0.1819834174746203,0,0.39311837514241543,0,0.9099170873731014,11.840494521921755,332.6765380859374,743.001953125,0.5314493696286968,255.48,0,1,ok,NA,cap_dem_v1
station,KADL1,Kals Adlersruhe (Erzherzog-Johann-Hütte),47.069906,12.701532,DGM_Tirol_5m_epsg31254_2006_2020,5,3450.739990234375,0.2113530121375287,low,0.02561390269143579,0.187876627914343,0,0.0532025299072266,1,0.939383139571715,168.81472111253652,28.74267578125,665.625244140625,0.9086390444749436,37.705,365.3893682107828,1,ok,NA,cap_dem_v1
station,KAUN1,Roter Schrofen,47.04,10.7181,DGM_Tirol_5m_epsg31254_2006_2020,5,2699.97998046875,0.04719850587546741,low,0,0.13731206406069107,0,0,0.08580326573529766,0.6865603203034554,232.4590231736288,-156.0696695963543,942.490966796875,0.9968304717614412,0.0525,0.50907139369954435,1,ok,NA,cap_dem_v1
station,KAUN2,Falkaunsalpe,47.071488,10.76282,DGM_Tirol_5m_epsg31254_2006_2020,5,2040.4320068359375,0.3133429662170578,low,0.44949945496147303,0.2,0,0.37155725351969404,0.6348967629915696,1,35.90552686273463,333.6101806640627,781.0589599609375,0.5257032141992181,250.5625,20.006499574505145,1,ok,NA,cap_dem_v1
station,KDIA1,Lattejoch,47.084584,10.338597,DGM_Tirol_5m_epsg31254_2006_2020,5,2639.117919921875,0.08900659489610584,low,0,0.2,0,0,0.2600439659740389,1,137.2466026625284,-16.891585286458394,657.471923828125,0.9028840698044535,23.51,2.4802926791633872,1,ok,NA,cap_dem_v1
station,KDIA2,Dias,47.0791083428996,10.3452388917927,DGM_Tirol_5m_epsg31254_2006_2020,5,2443.43701171875,0.1248401030499525,low,0.1486700399727608,0.027384171045785635,0,0.11912972005208337,0.419713948583356,0.13692085522892816,108.09275860891239,124.94082031249991,618.1259765625,0.6318764963948129,130.8575,6.4846943832070085,1,ok,NA,cap_dem_v1
station,KFIG1,Ganotzkogel,47.0164,12.6017,DGM_Tirol_5m_epsg31254_2006_2020,5,2514.715087890625,0.06827818568813934,low,0,0,0,0,0.4551879045875956,0,151.21788421573365,-80.75712076822902,763.6895751953125,0.9768473349524976,3.7275,7.872759468989455,1,ok,NA,cap_dem_v1
station,KFIG2,Kals am Großglockner-Figol,47.0148340300872,12.6260810225391,DGM_Tirol_5m_epsg31254_2006_2020,5,1742.982666015625,0.304990046877864,low,0.49345094437258114,0.1871716329135939,0,0.3396621297200521,0.5592338873220829,0.9358581645679694,-24.04099864160412,368.8006022135414,406.2818603515625,0.606749192158925,241.055,13.613833638496075,1,ok,NA,cap_dem_v1
station,KGRI2,Griesneralm LWD,47.5808888888889,12.3295,DGM_Tirol_5m_epsg31254_2006_2020,5,1024.7159423828125,0.5838611187399407,medium,0.9411228724888392,0.8864158778357067,0.00148879470240711,0.8445244814554851,0,0.7977798739866613,-68.1054030835121,658.7860107421875,175.846923828125,0.11225683222721264,488.7725,0,1,ok,NA,cap_dem_v1
station,KGRO1,Kappl Großgfallkopf,47.101683,10.408832,DGM_Tirol_5m_epsg31254_2006_2020,5,2635.445068359375,0.08780410544245949,low,0,0.15809101511056417,0,0,0.32187567776545634,0.7904550755528208,218.7658603736777,-135.77765299479188,650.215087890625,0.9351405219485526,15.19,3.6816393276718795,1,ok,NA,cap_dem_v1
station,KHOR1,Kitzbühel Hornköpfl,47.46706,12.432546,DGM_Tirol_5m_epsg31254_2006_2020,5,1768.802978515625,0.013108192325885023,low,0,0.0371004595806397,0,0.025553849538167323,0,0.1855022979031985,107.44043001400178,-3.014668782552235,598.6729736328125,0.8962353576098915,37.85,0,1,ok,NA,cap_dem_v1
station,KHOR2,Kitzbüheler Horn Schneestation,47.464569,12.436775,DGM_Tirol_5m_epsg31254_2006_2020,5,1709.2900390625,0.058336638789165736,low,0.03772930496237286,0.17096814130757132,0,0.04108184814453125,0,0.8548407065378565,72.05936421510705,37.63566894531232,442.0050048828125,0.8023650051202569,60.115,0,1,ok,NA,cap_dem_v1
station,KSIN1,Kappl Kapplerkopf,47.060638,10.325499,DGM_Tirol_5m_epsg31254_2006_2020,5,2404.095947265625,0.09085331637828992,low,0,0.17969033519963928,0,0,0.30620488385586725,0.8984516759981963,246.52477153491645,-56.70536295572947,937.3409423828125,0.9205380495703076,8.52,3.3426922375168657,1,ok,NA,cap_dem_v1
station,KSIN2,Kappl Sinsenergampen,47.060636,10.340337,DGM_Tirol_5m_epsg31254_2006_2020,5,2012.748046875,0.19604298023577676,low,0.17873567739625287,0.2,0,0.19683105723063152,0.4788960153474587,1,131.47638899293156,144.84025065104197,806.7659912109375,0.5592916557097976,157.005,8.941172612025092,1,ok,NA,cap_dem_v1
station,KSPI2,Kappl Spidur Alpe,47.09232,10.411902,DGM_Tirol_5m_epsg31254_2006_2020,5,2122.635009765625,0.27696431969746005,low,0.42093686572697486,0.1658144008902038,0,0.3288927714029948,0.5396172488847746,0.8290720044510189,20.832863285075746,309.85107421875,553.6090087890625,0.5162366194064448,262.32,12.301692735067931,1,ok,NA,cap_dem_v1
station,KTRI1,Tristecken Griesneralm Windstation,47.588411,12.316122,DGM_Tirol_5m_epsg31254_2006_2020,5,1698.4219970703125,0,low,0,0,0,0,0,0,178.16723514188266,-50.661824544270985,711.21197509765625,0.964951735114002,13,0,1,ok,NA,cap_dem_v1
station,KUET1,Kühtai Hochalter,47.231557,11.030122,DGM_Tirol_5m_epsg31254_2006_2020,5,2676.638916015625,0,low,0,0,0,0,0,0,189.74856727142333,-113.37198893229152,676.9478759765625,0.9805461742885616,4.1775,0,1,ok,NA,cap_dem_v1
station,KWEL2,Weisssee LWD,46.8729059674426,10.7143950117534,DGM_Tirol_5m_epsg31254_2006_2020,5,2464.31103515625,0.49174836164009705,medium,0.44001336960565435,0.6648821201065893,0,0.43682992808024096,1,1,-38.49466788119889,308.00935872395803,282.965087890625,0.18413076273649537,409.2825,465.47163834194225,1,ok,NA,cap_dem_v1
station,KZWO1,Zwölferkogel,47.190165,11.010845,DGM_Tirol_5m_epsg31254_2006_2020,5,2988.35498046875,0.04743239823117686,low,0,0.18972959292470745,0,0,0,0.9486479646235372,331.42436524817595,-188.1485351562501,1006.79296875,0.9982075504342712,0,0,1,ok,NA,cap_dem_v1
station,LBRE1,Breiter Grieskogel Windstation,47.1010555555556,11.0230388888889,DGM_Tirol_5m_epsg31254_2006_2020,5,3284.93798828125,0.05,low,0,0.2,0,0,0,1,252.8717607213116,-179.1084147135416,815.947998046875,0.9995225805558823,0,0,1,ok,NA,cap_dem_v1
station,LBRE2,Breiter Grieskogel Schneestation,47.0839527777778,11.0273833333333,DGM_Tirol_5m_epsg31254_2006_2020,5,2386.198974609375,0.3429250748900159,low,0.4473864630604937,0.10106112196099568,0,0.3720878575642904,1,0.5053056098049784,2.505165990885871,332.7550781250002,818.7149658203125,0.561953332595217,247.6,126.18742985990612,1,ok,NA,cap_dem_v1
station,LGRU1,Grubigstein Windstation,47.387088,10.851829,DGM_Tirol_5m_epsg31254_2006_2020,5,1876.822021484375,0.07481789408072204,low,0.09965944240241366,0.140923168313785,0,0.09781494267781578,0,0.704615841568925,70.72217828209023,91.7120361328125,634.5989990234375,0.8670588235294118,85.32,0,1,ok,NA,cap_dem_v1
station,LGRU2,Grubigstein Schneestation,47.386114,10.853352,DGM_Tirol_5m_epsg31254_2006_2020,5,1845.155029296875,0.08978822875093564,low,0.1274733282633004,0.1717390098056277,0,0.0999009615580241,0,0.8586950490281384,34.86526456262732,113.8152018229166,609.049072265625,0.8600311364815776,97.975,0,1,ok,NA,cap_dem_v1
station,LPUI1,Gehrenspitze,47.387131,11.133717,DGM_Tirol_5m_epsg31254_2006_2020,5,2350.60595703125,0,low,0,0,0,0,0,0,365.32546086106413,-235.1512451171875,1012.7860107421875,1,0,0,1,ok,NA,cap_dem_v1
station,LPUI2,Puitegg,47.394844,11.152817,DGM_Tirol_5m_epsg31254_2006_2020,5,1537.7509765625,0.4310410120206085,medium,0.8769354538690478,0.4953717514094311,0,0.5864280713399252,0,0.8559194907386793,-3.189592692057431,613.8548177083335,443.0880126953125,0.32792466146788357,372.93,0,1,ok,NA,cap_dem_v1
station,MIOG1,Bunköpfl,46.983181,12.584813,DGM_Tirol_5m_epsg31254_2006_2020,5,2413.93212890625,0.05523628876847222,low,0.13028857675991096,0.02613474298682949,0,0.10753639221191406,0,0.13067371493414748,197.84907096934785,116.16459147135402,971.8995361328124,0.7374823548949597,98.62,0,1,ok,NA,cap_dem_v1
station,MIOG2,Goldried Kessel,46.9900139,12.584625,DGM_Tirol_5m_epsg31254_2006_2020,5,2081.165771484375,0.21161592379382912,low,0.4648271913257061,0.15266212640820412,0,0.3816239624023438,0,0.6339340254880796,-67.93507295753307,337.0875976562502,499.6771240234375,0.5712901707863924,285.35,0,1,ok,NA,cap_dem_v1
station,MIOH1,Hochgasser Windstation,47.14963,12.522012,DGM_Tirol_5m_epsg31254_2006_2020,5,2902.027587890625,0.10664684603825922,low,0,0.14631288082052804,0,0,0.467124172220848,0.7315644041026401,206.53081317335636,-121.35104166666679,669.8505859375,1,0,8.395489077825696,1,ok,NA,cap_dem_v1
station,MIOH2,Hochgasser Schneestation,47.1475,12.5175,DGM_Tirol_5m_epsg31254_2006_2020,5,2722.49853515625,0.10160949244334312,low,0.0350753588657516,0.069773139094413,0,0.04139678446451823,0.4612523352241616,0.34886569547206503,25.920017269156233,37.321818033854015,573.30224609375,0.9987114547231848,46.2575,8.13460170964271,1,ok,NA,cap_dem_v1
station,NASS1,Nassereith Wannig,47.336922,10.862333,DGM_Tirol_5m_epsg31254_2006_2020,5,2483.14599609375,0.015873141189282465,low,0,0.06349256475712986,0,0,0,0.3174628237856493,218.14037775973156,-186.0343912760418,993.35302734375,1,0,0,1,ok,NA,cap_dem_v1
station,NASS2,Nassereither Alm,47.344376,10.849554,DGM_Tirol_5m_epsg31254_2006_2020,5,1746.3570556640625,0.23968078966084802,low,0.5595819866158043,0.2,0,0.33190195337931316,0,1,27.14546820069063,421.9832926432291,799.195068359375,0.5277693201948627,229.51,0,1,ok,NA,cap_dem_v1
station,NELF1,Elferspitze Windstation,47.0827111111111,11.3134638888889,DGM_Tirol_5m_epsg31254_2006_2020,5,2441.092041015625,0.08541378597732165,low,0,0.15237219584864548,0,0,0.3154715801010685,0.7618609792432273,221.73696815896392,-104.8214111328125,926.906005859375,0.9579262047775902,5.8,3.5400390859358537,1,ok,NA,cap_dem_v1
station,NELF2,Elferspitze Schneestation,47.0732500118197,11.2909055472649,DGM_Tirol_5m_epsg31254_2006_2020,5,2142.35400390625,0.3073593624773405,low,0.4859355302021149,0.21289298788085043,0,0.423807731628418,0.4605404880822432,0.9012566219757306,25.0682939521912,351.82600911458303,929.321044921875,0.4466609926722438,287.9825,8.103470537912223,1,ok,NA,cap_dem_v1
station,NFRA1,Franz-Senn-Hütte Horntaler Spitzl,47.099611,11.15541667,DGM_Tirol_5m_epsg31254_2006_2020,5,2858.576904296875,0.10701781501507136,low,0,0,0,0.01666577657063805,0.6967863235298377,0,145.51673762942346,-5.376562500000091,743.81494140625,0.8753113755881539,38.9,27.26547973343019,1,ok,NA,cap_dem_v1
station,NFRA2,Franz-Senn-Hütte Kl Horntal,47.0960000187559,11.1623888694066,DGM_Tirol_5m_epsg31254_2006_2020,5,2574.716064453125,0.34694184451142984,low,0.3536473185438932,0.2302216952440136,0,0.33983060709635426,1,0.7978933555861123,-64.45932106169812,257.45654296875,587.7900390625,0.5066291155182197,279.155,131.30802811974792,1,ok,NA,cap_dem_v1
station,NGAM1,Schartlkopf,46.89963,10.561746,DGM_Tirol_5m_epsg31254_2006_2020,5,2793.030029296875,0.01916266142838178,low,0,0.07665064571352712,0,0,0,0.38325322856763555,160.3869120879649,-119.25461425781259,571.56591796875,1,0,0,1,ok,NA,cap_dem_v1
station,NGAM2,Gamoarbach,46.901942,10.554773,DGM_Tirol_5m_epsg31254_2006_2020,5,2582.18603515625,0.0875604511223449,low,0.11217608503960123,0.1905870344522197,0,0.07913114166259769,0,0.9529351722610985,-21.124786516712447,93.21126302083348,448.194091796875,0.7664096672388019,138.3875,0,1,ok,NA,cap_dem_v1
station,NGAN2,Nauders Ganderbild,46.863224,10.544345,DGM_Tirol_5m_epsg31254_2006_2020,5,2150.4130859375,0.1979441937636146,low,0.39682073543697094,0.18290244769854214,0,0.35342265319824223,0,0.6582818310940598,-21.39173598650632,288.39383951822947,497.9290771484375,0.49159602809396946,281.8675,0,1,ok,NA,cap_dem_v1
station,NNOW1,Nockwand Wind,47.0368417,11.1746533,DGM_Tirol_5m_epsg31254_2006_2020,5,3091.18603515625,0.05434723263670496,low,0,0.12720837772533558,0,0,0.15030092136914042,0.6360418886266779,321.2131129167683,-183.8234537760418,959.30810546875,0.9904587943071036,1.1325,1.0561015485609009,1,ok,NA,cap_dem_v1
station,NSCH1,Schöckbichl,47.027353,11.178164,DGM_Tirol_5m_epsg31254_2006_2020,5,2461.2119140625,0.3127507419251048,low,0.4529427122682904,0,0,0.33010042572021486,1,0,58.01403872734818,342.9752278645833,888.23388671875,0.5704440723468441,224.415,262.81309128510327,1,ok,NA,cap_dem_v1
station,NSGE2,Eissee,46.994833,11.119766,DGM_Tirol_5m_epsg31254_2006_2020,5,2619.1669921875,0.38794683541594355,low,0.35867182356636734,0.4087557326359812,0,0.3072663091023763,1,1,-25.734695277962143,254.67095540364608,336.19091796875,0.34591003460207614,322.0875,362.25452465792927,1,ok,NA,cap_dem_v1
station,NSGR1,Rotadl,46.987323,11.106927,DGM_Tirol_5m_epsg31254_2006_2020,5,3011.3330078125,0.20882124591753026,low,0.17130234441699074,0.2,0,0.15420715586344405,0.619097242891773,1,73.415193263113,137.669921875,423.883056640625,0.5900503778337531,163.81,18.473619515034397,1,ok,NA,cap_dem_v1
station,NSGS1,Schaufeljoch,46.9772,11.110900000000001,DGM_Tirol_5m_epsg31254_2006_2020,5,3166.615966796875,0.04549470453335919,low,0,0.16432452775865067,0,0,0.02942381729131012,0.8216226387932533,78.67286398243141,-31.199951171875,499.5849609375,0.95879634114277,16.5775,0.15155184688172732,1,ok,NA,cap_dem_v1
station,NVAL1,Tscheyegg,46.889031,10.570519000000001,DGM_Tirol_5m_epsg31254_2006_2020,5,2667.75,0.053060470339983776,low,0,0.2,0,0,0.02040313559989183,1,141.04493545727064,-14.261962890625,618.93896484375,0.8690694472313132,18.96,0.10279643205405556,1,ok,NA,cap_dem_v1
station,NVAL2,Valdafur,46.891628,10.565901,DGM_Tirol_5m_epsg31254_2006_2020,5,2499.740966796875,0.12665715874941263,low,0.21831331425651304,0.17062466064592266,0,0.19615110015869144,0,0.8531233032296133,-15.440270326802874,164.4057454427084,474.5830078125,0.5734262347259317,231.235,0,1,ok,NA,cap_dem_v1
station,OCON1,Connyalm Windstation,46.7243364999473,12.622713069675,DGM_Tirol_5m_epsg31254_2006_2020,5,2105.705078125,0.06590999716782042,low,0.05728794241856119,0.1899179169192244,0,0.027390215555826825,0,0.949589584596122,107.9085901626313,54.485286458333576,643.2462158203125,0.7927054574139041,73.7075,0,1,ok,NA,cap_dem_v1
station,PESE1,Kreuzspitze,47.046708,12.358958,DGM_Tirol_5m_epsg31254_2006_2020,5,3150.958984375,0.08306448885866462,low,0,0.0742596329384274,0,0,0.4299972041603851,0.37129816469213694,268.7942781926631,-189.029052734375,935.608642578125,0.9925263653223352,0.0475,6.863065368032898,1,ok,NA,cap_dem_v1
station,PESE2,Eselrücken,47.0228555816836,12.4176138418407,DGM_Tirol_5m_epsg31254_2006_2020,5,2018.5567626953125,0.27054123117399465,low,0.4074359080571391,0,0,0.3138434270222982,0.8107049340424346,0,69.6751190817738,310.7571451822914,825.2637939453125,0.6030681723822968,215.78,47.811749774697056,1,ok,NA,cap_dem_v1
station,SAAU1,Hochkar,47.114241,10.313718,DGM_Tirol_5m_epsg31254_2006_2020,5,2770.9951171875,0.02909148098769454,low,0,0.0983093451467913,0,0,0.030094298006644767,0.4915467257339564,211.045908788014,-126.64583333333303,871.3111572265625,1,0.3275,0.1552606041905414,1,ok,NA,cap_dem_v1
station,SAAU2,Äußere Rendlalpe,47.129698,10.31545,DGM_Tirol_5m_epsg31254_2006_2020,5,1941.18994140625,0.29847193553784795,low,0.5307524525087514,0.12958416655077137,0,0.37035065714518234,0.5189012146745993,0.6479208327538568,74.07439446430408,395.0840820312501,731.531982421875,0.5220607570410353,246.48,11.043698046440518,1,ok,NA,cap_dem_v1
station,SAGA1,Gampberg Windstation,47.109912,10.277611,DGM_Tirol_5m_epsg31254_2006_2020,5,2405.8330078125,0.07886092488340776,low,0.0317068216391242,0.10645632552474203,0,0.050650761922200534,0.24481682536074087,0.5322816276237101,145.95575965608214,31.89933268229197,752.1910400390625,0.8418393827203211,58.015,2.2351982744225363,1,ok,NA,cap_dem_v1
station,SAGA2,Gampberg Schneestation,47.11174,10.271353,DGM_Tirol_5m_epsg31254_2006_2020,5,2189.39892578125,0.09845437783432129,low,0.16270720685434895,0,0,0.1489857610066732,0.2361980797982205,0,59.98828710523685,139.0108561197917,782.5279541015625,0.7698535721205746,120.74,2.1042015047596494,1,ok,NA,cap_dem_v1
station,SARE1,Salzboden,47.101676,10.267085,DGM_Tirol_5m_epsg31254_2006_2020,5,1983.3690185546875,0.2987135334617038,low,0.5705523606282962,0.11864928922888522,0,0.4319702301025391,0.41078390988018393,0.5556465638582707,20.396788001105506,415.9720458984375,479.583984375,0.45828460713420754,276.8575,6.170917364641656,1,ok,NA,cap_dem_v1
station,SARE2,Rendl Riffel 1,47.077738,10.266202,DGM_Tirol_5m_epsg31254_2006_2020,5,1870.1070556640625,0.6287682730092999,medium,0.8295632789248507,0.8291666945211714,0.013994586347338389,0.8161624450683594,0.5924166374538189,0.14583347260585666,-147.3839903825285,580.6942952473955,173.7120361328125,0.0719267172192395,536.0475,16.134707912916692,1,ok,NA,cap_dem_v1
station,SAUL2,Ulmerhütte,47.147023,10.211916,DGM_Tirol_5m_epsg31254_2006_2020,5,2242.340087890625,0.18076155396008828,low,0.43075331073744033,0.04332612279890744,0,0.3535009969075521,0.061443640265790106,0.2166306139945372,-20.96813050196988,339.68522135416697,511.64013671875,0.5101455797753689,180.7125,0.34268431329691806,1,ok,NA,cap_dem_v1
station,SAYO1,Osthangbahn Young,47.133236,10.225528,DGM_Tirol_5m_epsg31254_2006_2020,5,2171.886962890625,0.050338431537198955,low,0,0.17711220555508084,0,0.0022549997965494793,0.03814753452630879,0.8855610277754041,130.61074566582897,-41.299072265625,605.428955078125,0.9023878882653732,18.2975,0.2007514695463518,1,ok,NA,cap_dem_v1
station,SBAR2,Bartiges Bödele,46.961931,10.983463,DGM_Tirol_5m_epsg31254_2006_2020,5,2105.507080078125,0.32567714165659745,low,0.3787627503205974,0.2,0,0.32588401031494146,0.8806923501947123,1,44.550141420186264,280.1010904947916,608.590087890625,0.4564439677542124,255.625,67.2799418744171,1,ok,NA,cap_dem_v1
station,SDAW1,Dawinkopf,47.1661461006238,10.472974893372,DGM_Tirol_5m_epsg31254_2006_2020,5,2965.10888671875,0,low,0,0,0,0,0,0,268.96972530731364,-161.2509765625,1108.3978271484375,0.994575220381672,0.415,0,1,ok,NA,cap_dem_v1
station,SDAW2,Dawinalpe,47.1503195001747,10.462350017993,DGM_Tirol_5m_epsg31254_2006_2020,5,1912.6590576171875,0.32937767499008974,low,0.5910498686971315,0.25288671901415816,0,0.4345210952758789,0.3547690918059031,1,-11.555771591326677,430.5699462890625,529.4620361328125,0.4837209624180858,278.1175,4.481606727051213,1,ok,NA,cap_dem_v1
station,SFES1,Festkogel,46.853977,11.051768,DGM_Tirol_5m_epsg31254_2006_2020,5,2998.362060546875,0.11607660341515671,low,0,0.14633797676369478,0,0,0.5299473948282201,0.7316898838184739,227.92405074611997,-121.8086263020832,731.2021484375,0.9869418090473124,0.335,11.698916892604965,1,ok,NA,cap_dem_v1
station,SFES2,Rosskar,46.859532,11.044191,DGM_Tirol_5m_epsg31254_2006_2020,5,2660.702880859375,0.23431605827669266,low,0.1504443716352441,0.1567342930330582,0,0.11990219624837242,0.9302404178157414,0.783671465165291,26.305194579691943,131.79545898437482,602.072998046875,0.7946054789401938,107.1,85.59466433346425,1,ok,NA,cap_dem_v1
station,SGIG2,Giggijoch,46.972983,10.966994,DGM_Tirol_5m_epsg31254_2006_2020,5,2448.37109375,0.3199745855344154,low,0.363080014948128,0.2092143772337338,0,0.30481704966227213,0.8745228669307273,0.9789525708261666,3.71807357941816,265.4854817708333,512.234130859375,0.4827731761156436,272.33,65.28930003971284,1,ok,NA,cap_dem_v1
station,SKAP1,Kapall Windstation,47.1490805555556,10.2479416666667,DGM_Tirol_5m_epsg31254_2006_2020,5,2331.9951171875,0.14184215185576995,low,0.2319893118992053,0.2,0,0.19708855692545574,0.028543602281001654,1,100.44061434353125,187.010986328125,670.203125,0.6153415027365886,161.27,0.14670101585553513,1,ok,NA,cap_dem_v1
station,SKAP2,Kapall Schneestation,47.1474888888889,10.2587777777778,DGM_Tirol_5m_epsg31254_2006_2020,5,2097.5390625,0.18977487856753722,low,0.362993906655725,0.2,0,0.29999909973144534,0.026843579625927712,1,85.11408063591102,278.2395507812498,741.8680419921875,0.6005314437555359,210.0775,0.1373900244650289,1,ok,NA,cap_dem_v1
station,SKRE1,Sölden Kreuzspitze,46.816395,10.870003,DGM_Tirol_5m_epsg31254_2006_2020,5,3448.9169921875,0,low,0,0,0,0,0,0,262.53170652540075,-214.8356770833334,814.569091796875,1,0,0,1,ok,NA,cap_dem_v1
station,SLAG1,Agetwoad,47.069889,10.862306,DGM_Tirol_5m_epsg31254_2006_2020,5,2321.743896484375,0.2582198289632071,low,0.35700577828846125,0.10511776948209405,0,0.288613265991211,0.6626463474792442,0.5255888474104702,165.74796349213148,280.3419759114581,981.4879150390625,0.5860742237507699,184.76,22.99662242890212,1,ok,NA,cap_dem_v1
station,SLBU1,Burgbach Brechgrad,47.0944,10.796,DGM_Tirol_5m_epsg31254_2006_2020,5,2279.947021484375,0.21911441252451638,low,0.40063298474392595,0,0,0.38653023020426436,0.40651087871930175,0,102.31315870992967,305.4683430989585,863.677001953125,0.4971692759160057,216.1625,6.025462355926194,1,ok,NA,cap_dem_v1
station,SLBU2,Burgbach Mauchele,47.1000000304375,10.7950000100758,DGM_Tirol_5m_epsg31254_2006_2020,5,2087.2919921875,0.2016707430695865,low,0.33664361674965054,0.09917250430848118,0,0.2853741861979167,0.3327372325024403,0.49586252154240584,102.75385012064498,256.6392171223956,903.208984375,0.5529715404681672,216.3425,3.931967885392132,1,ok,NA,cap_dem_v1
station,SLRI1,Rifflsee Muttenkopf,46.963654,10.855198,DGM_Tirol_5m_epsg31254_2006_2020,5,2312.824951171875,0.22676523369102686,low,0.20096335328217382,0,0,0.17682930246988934,1,0,90.75541224058134,169.06005859375,652.739990234375,0.6330120331864071,130.2025,201.95914432696077,1,ok,NA,cap_dem_v1
station,SLRI2,Rifflsee Talstation Grubenkopf,46.96259,10.852025,DGM_Tirol_5m_epsg31254_2006_2020,5,2233.797119140625,0.35846813994349314,low,0.4020787984304676,0.2194541083283681,0,0.3538994216918946,1,1,-36.079344043023866,299.5131347656252,557.1871337890625,0.48518523644113537,245.5175,213.75794473574385,1,ok,NA,cap_dem_v1
station,SLSE1,Seirlöcher Kogel,47.0339,10.8528,DGM_Tirol_5m_epsg31254_2006_2020,5,2256.16796875,0.2438324429380449,low,0.27705695757113064,0,0,0.2052850952148438,0.958502928420238,0,114.98768225825324,219.782958984375,845.5899658203125,0.6447409396344712,175.205,98.16442014337346,1,ok,NA,cap_dem_v1
station,SMAS1,Serfaus Masnerkopf,47.012741,10.472944,DGM_Tirol_5m_epsg31254_2006_2020,5,2824.14599609375,0.027873547000716793,low,0,0.09735144966058201,0,0.023571230570475273,0,0.48675724830291,160.86217366536448,-0.576904296875,470.927001953125,0.8544646749849482,38.5625,0,1,ok,NA,cap_dem_v1
station,SMAS2,Serfaus Masner,47.0201111538738,10.4884777380654,DGM_Tirol_5m_epsg31254_2006_2020,5,2491.08203125,0.29579732437920786,low,0.3807377813430061,0.5762798266188485,0,0.3696478805541993,0.007304935370762295,0.988084565804332,-41.543261899942536,266.5164469401043,240.26904296875,0.19340686715473934,377.4275,0.03565382266152769,1,ok,NA,cap_dem_v1
station,SMED1,Medrigkopf,47.063004,10.495924,DGM_Tirol_5m_epsg31254_2006_2020,5,2397.115966796875,0.033070586148127384,low,0.06261717623065234,0.02796585009326178,0,0.05765911102294924,0.011839752758043076,0.1398292504663089,97.66012287405783,59.3544921875,643.4609375,0.827875205890902,74.7975,0.05842396299828744,1,ok,NA,cap_dem_v1
station,SMED2,Medrig-Zeinis,47.0725,10.4828,DGM_Tirol_5m_epsg31254_2006_2020,5,1983.7640380859375,0.11616828965060902,low,0.21174560746310156,0.1558604051596868,0,0.1494861017862956,0.012292474846450626,0.779302025798434,68.94993197323879,176.0998453776042,801.8160400390625,0.6999979242920106,137.7925,0.06072446757776667,1,ok,NA,cap_dem_v1
station,SPLO1,Planskopf,47.052584,10.545645,DGM_Tirol_5m_epsg31254_2006_2020,5,2650.56298828125,0.051995090990996896,low,0.011965459188215425,0.18039681569871033,0,0.02266845703125,0.0033616914305197114,0.9019840784935516,121.64164076044472,12.956575520833212,667.54296875,0.8788247915008478,43.2,0.016252628127337042,1,ok,NA,cap_dem_v1
station,SPLO2,Plojen,47.041396,10.558773,DGM_Tirol_5m_epsg31254_2006_2020,5,2071.44189453125,0.14366980360109893,low,0.26098972791495884,0.15520435316417794,0,0.24980267079671234,0.014339218078719284,0.7760217658208897,58.16884190107976,197.8354329427084,402.4158935546875,0.4545423093157301,223.1225,0.07118754319297799,1,ok,NA,cap_dem_v1
station,SRET1,Schwarze Schneid,46.923988,10.928658,DGM_Tirol_5m_epsg31254_2006_2020,5,3315.27099609375,0.05194332533918694,low,0,0.1961191381475571,0,0,0.019423605348651077,0.9805956907377855,190.53996229921722,-128.93896484375,616.282958984375,0.9995087457101738,0.2675,0.09762806039618932,1,ok,NA,cap_dem_v1
station,SRET2,Rettenbachferner,46.9325583979892,10.9367555890495,DGM_Tirol_5m_epsg31254_2006_2020,5,2949.5009765625,0.23018967950014438,low,0.2376485697179711,0.2,0,0.18903507486979168,0.6161485056012189,1,-7.819836543278143,180.80970052083376,469.2939453125,0.600159169550173,218.69,18.200170857953506,1,ok,NA,cap_dem_v1
station,SROS1,Rosshütte Windstation,47.342025,11.227903,DGM_Tirol_5m_epsg31254_2006_2020,5,1745.6429443359375,0.12672568421867214,low,0.2706181451916344,0.0964869628988744,0,0.23299604797363288,0,0.482434814494372,95.94935252411028,215.36868489583344,707.77490234375,0.6091709855315145,172.295,0,1,ok,NA,cap_dem_v1
station,SSLA1,Lampsenspitze Windstation,47.156075,11.095642,DGM_Tirol_5m_epsg31254_2006_2020,5,2875.824951171875,0.04932111755979954,low,0,0.1708365571285958,0,0,0.04407985518433726,0.8541827856429789,228.53057554681163,-150.04215494791652,919.7379150390625,0.9989482133466191,0,0.2354036425386065,1,ok,NA,cap_dem_v1
station,SSLA2,Lampsenspitze Schneestation,47.153491,11.120722,DGM_Tirol_5m_epsg31254_2006_2020,5,2113.781982421875,0.3235009030221473,low,0.5081978434995953,0.18689669937700848,0,0.390423215230306,0.6077585667896698,0.9344834968850424,19.557227563581364,373.0477294921875,565.9539794921875,0.5170676686526472,266.4275,17.442961157508883,1,ok,NA,cap_dem_v1
station,SSON1,Zirmkogel Windstation,46.8813861111111,10.9887833333333,DGM_Tirol_5m_epsg31254_2006_2020,5,3272.922119140625,0.01277852563055372,low,0,0.02894480728851467,0,0,0.03694882538950039,0.14472403644257337,222.32308695820075,-143.8359456380208,791.88916015625,0.9915223740120972,0.2275,0.19386844337721232,1,ok,NA,cap_dem_v1
station,SSON2,Sonnbergalm,46.87435,11.0103777777778,DGM_Tirol_5m_epsg31254_2006_2020,5,2529.489013671875,0.3422221828699828,low,0.4095097482489383,0.2,0,0.28529109446207684,0.9803405442562447,1,38.127309972798685,303.7261718750001,678.8079833984375,0.5025878412975188,251.5,109.11308835174714,1,ok,NA,cap_dem_v1
station,SSPE2,Speicherteich Panorama,46.918511,10.938308,DGM_Tirol_5m_epsg31254_2006_2020,5,2897.508056640625,0.3072080885668095,low,0.3423934406849628,0.18929118333937173,0,0.27322229258219405,0.8886905911559785,0.8313652069399504,22.5502381945239,251.850830078125,545.631103515625,0.4248474111801586,263.3975,69.94989580436587,1,ok,NA,cap_dem_v1
station,STHU1,Thurntaler Windstation,46.775,12.3836,DGM_Tirol_5m_epsg31254_2006_2020,5,2378.12939453125,0.019486761494334055,low,0,0.07794704597733622,0,0,0,0.3897352298866811,97.93883577920315,-69.46712239583348,653.5980224609375,1,0,0,1,ok,NA,cap_dem_v1
station,SVVO1,Marchkofel,46.89172,10.938071,DGM_Tirol_5m_epsg31254_2006_2020,5,2523.75390625,0.2667431020048662,low,0.32194413653508974,0,0,0.24171378580729172,1,0,77.97397449671962,245.8607747395836,804.368896484375,0.5795537104307213,214.3175,404.892198569672,1,ok,NA,cap_dem_v1
station,SVVO2,Vorderegg,46.8735999798742,10.9211000089129,DGM_Tirol_5m_epsg31254_2006_2020,5,2144.797119140625,0.47151975335319096,medium,0.7378552578909838,0.22689594485283476,0,0.5355463511149089,1,0.08148314704522208,29.08341287903886,520.4151855468749,332.64306640625,0.29356039636846765,334.855,538.9125399897501,1,ok,NA,cap_dem_v1
station,SVZI1,St Veit Speikboden,46.945841,12.415529,DGM_Tirol_5m_epsg31254_2006_2020,5,2582.128662109375,0.03784003263476293,low,0.01161375869467413,0.12870333384531935,0,0.015161727905273455,0.0032433354264903486,0.6435166692265967,113.55319622178331,12.751993815104015,666.85009765625,0.86555267254800206,40.945,0.015675956036192044,1,ok,NA,cap_dem_v1
station,SVZI2,St Veit Zischke,46.937354,12.422188,DGM_Tirol_5m_epsg31254_2006_2020,5,2118.7509765625,0.25356484370581983,low,0.5695572684361582,0.18587369848508364,0,0.42406323750813807,0.00731744232859105,0.9293684924254182,26.490378408773267,415.1788736979165,742.446533203125,0.4860073077561866,277.1125,0.0357159438176827,1,ok,NA,cap_dem_v1
station,THOH1,Hohe Munde Gipfel,47.346295,11.080385,DGM_Tirol_5m_epsg31254_2006_2020,5,2584.612060546875,0.05,low,0,0.2,0,0,0,1,289.94800400668373,-163.3363199869791,1452.9970703125,0.994056185995018,2.6775,0,1,ok,NA,cap_dem_v1
station,TLAE1,Rastkogel Windstation,47.192132,11.767481,DGM_Tirol_5m_epsg31254_2006_2020,5,2532.714111328125,0.026056066474421276,low,0.02352326474680196,0.06537515581396909,0,0.02554307556152344,0,0.32687577906984544,159.56450027745177,24.437744140625,592.7081298828125,0.8014365489609931,50.885,0,1,ok,NA,cap_dem_v1
station,TLAE2,Lämmerbichlalm,47.181266,11.751717,DGM_Tirol_5m_epsg31254_2006_2020,5,2021.7249755859375,0.18794145119518557,low,0.38403568175748154,0.19513669345783113,0,0.2876557159423828,0,0.9756834672891556,9.769585289413271,282.210164388021,624.2979736328125,0.533605973165044,264.8175,0,1,ok,NA,cap_dem_v1
station,TODO,Krinnenalpe Schneestation,47.4796083,10.5890528,DGM_Tirol_5m_epsg31254_2006_2020,5,1523.8489990234375,0.18696750406926493,low,0.3830600694930775,0.17956789279838653,0,0.30873675664265954,0,0.8978394639919326,-25.07739460626817,280.7793497721352,403.488037109375,0.508117534705402,268.6175,0,1,ok,NA,cap_dem_v1
station,TODO2,Krinnenspitze,47.4742722,10.5845722,DGM_Tirol_5m_epsg31254_2006_2020,5,1989.510009765625,0.04624929271103193,low,0,0.18499717084412773,0,0,0,0.9249858542206386,204.42259580751625,-171.31584472656232,806.1510009765625,0.9999308054248548,0,0,1,ok,NA,cap_dem_v1
station,TRAU1,Hohe Munde Windstation,47.346612,11.083694,DGM_Tirol_5m_epsg31254_2006_2020,5,2513.575927734375,3.6632308959961256e-4,low,0,0,0,0.002442153930664084,0,0,248.958753510085,-103.01590983072902,1431.973876953125,0.9628517252356369,16.885,0,1,ok,NA,cap_dem_v1
station,TRAU2,Rauthhütte,47.345909,11.104943,DGM_Tirol_5m_epsg31254_2006_2020,5,1601.741943359375,0.1652936628180465,low,0.32192238229842046,0.18925226897376557,0,0.25,0,0.9462613448688278,71.13511632563791,272.47298583984366,684.60797119140625,0.7765905174501893,126.37,0,1,ok,NA,cap_dem_v1
station,TTUX1,Tuxerjoch Windstation,47.089717,11.648987,DGM_Tirol_5m_epsg31254_2006_2020,5,2517.048095703125,0.18848899915425477,low,0,0.15379348235376633,0,0.00652261098225912,0.993748246123162,0.7689674117688317,178.50440576712617,-58.2431640625,661.22607421875,0.9157687117201287,19.475,116.42601121534814,1,ok,NA,cap_dem_v1
station,TTUX2,Tuxerjoch Schneestation,47.093149,11.648053,DGM_Tirol_5m_epsg31254_2006_2020,5,2391.092041015625,0.21051347272786552,low,0.03454918815267301,0.2,0,0.01250783793131513,1,1,55.78537790840528,34.85986328125,528.76708984375,0.8441139630319093,57.3225,137.901734339727,1,ok,NA,cap_dem_v1
station,TWAN1,Wandspitze Windstation,47.120752,11.658062,DGM_Tirol_5m_epsg31254_2006_2020,5,2581.964111328125,0.14948615043347147,low,0,0.18254708730452845,0,0.0039296035766601635,0.6883995871389356,0.9127354365226422,200.57771220954055,-50.426513671875,983.6251220703125,0.9430566319751993,17.07,26.15117250386818,1,ok,NA,cap_dem_v1
station,TWAN2,Wandspitze Schneestation,47.121858,11.661969,DGM_Tirol_5m_epsg31254_2006_2020,5,2467.513916015625,0.15158042695296642,low,0.02641175706900862,0.10375294909152756,0,0.05101509602864583,0.7425799067235699,0.5187647454576378,152.60826109977734,26.870182291666424,925.43994140625,0.8588065960376718,55.405,34.20744958025335,1,ok,NA,cap_dem_v1
station,ZSIL1,Silberspitze Windstation,47.1841972222222,10.572525,DGM_Tirol_5m_epsg31254_2006_2020,5,2459.972900390625,0.04860974231954507,low,0,0.19443896927818027,0,0,0,0.9721948463909013,391.6431854876296,-229.497802734375,1290.60791015625,0.9955436535121408,0.1025,0,1,ok,NA,cap_dem_v1
station,ZSIL2,Silberspitze Schneemessung,47.1846749878816,10.5662528047355,DGM_Tirol_5m_epsg31254_2006_2020,5,2145.530029296875,0.08522436288813176,low,0.13164894401765567,0.07326466006350807,0,0.1543308919270834,0.07230885385852216,0.36632330031754035,182.44877910143373,115.93317871093768,979.4930419921875,0.7859584302003764,104.4975,0.41450283740236216,1,ok,NA,cap_dem_v1
